precinct,month,qol_311,major_felony
1,2019-01-01,0,91
1,2019-02-01,0,97
1,2019-03-01,0,110
1,2019-04-01,0,95
1,2019-05-01,0,109
1,2019-06-01,0,113
1,2019-07-01,0,116
1,2019-08-01,0,123
1,2019-09-01,0,144
1,2019-10-01,0,142
1,2019-11-01,0,114
1,2019-12-01,0,126
1,2024-01-01,0,124
1,2024-02-01,0,128
1,2024-03-01,0,141
1,2024-04-01,0,119
1,2024-05-01,0,177
1,2024-06-01,0,173
1,2024-07-01,0,132
1,2024-08-01,0,154
1,2024-09-01,0,157
1,2024-10-01,0,144
1,2024-11-01,0,151
1,2024-12-01,0,159
10,2019-01-01,0,79
10,2019-02-01,0,65
10,2019-03-01,0,89
10,2019-04-01,0,86
10,2019-05-01,0,94
10,2019-06-01,0,102
10,2019-07-01,0,102
10,2019-08-01,0,94
10,2019-09-01,0,129
10,2019-10-01,0,135
10,2019-11-01,0,104
10,2019-12-01,0,84
10,2024-01-01,0,74
10,2024-02-01,0,93
10,2024-03-01,0,80
10,2024-04-01,0,86
10,2024-05-01,0,95
10,2024-06-01,0,78
10,2024-07-01,0,100
10,2024-08-01,0,108
10,2024-09-01,0,89
10,2024-10-01,0,100
10,2024-11-01,0,87
10,2024-12-01,0,74
100,2019-01-01,0,34
100,2019-02-01,0,31
100,2019-03-01,0,28
100,2019-04-01,0,31
100,2019-05-01,0,44
100,2019-06-01,0,39
100,2019-07-01,0,56
100,2019-08-01,0,47
100,2019-09-01,0,46
100,2019-10-01,0,30
100,2019-11-01,0,32
100,2019-12-01,0,27
100,2024-01-01,0,27
100,2024-02-01,0,44
100,2024-03-01,0,44
100,2024-04-01,0,27
100,2024-05-01,0,53
100,2024-06-01,0,47
100,2024-07-01,0,44
100,2024-08-01,0,50
100,2024-09-01,0,46
100,2024-10-01,0,26
100,2024-11-01,0,36
100,2024-12-01,0,28
101,2019-01-01,0,65
101,2019-02-01,0,57
101,2019-03-01,0,67
101,2019-04-01,0,57
101,2019-05-01,0,67
101,2019-06-01,0,82
101,2019-07-01,0,96
101,2019-08-01,0,81
101,2019-09-01,0,94
101,2019-10-01,0,74
101,2019-11-01,0,68
101,2019-12-01,0,61
101,2024-01-01,0,67
101,2024-02-01,0,54
101,2024-03-01,0,68
101,2024-04-01,0,64
101,2024-05-01,0,60
101,2024-06-01,0,55
101,2024-07-01,0,77
101,2024-08-01,0,98
101,2024-09-01,0,74
101,2024-10-01,0,83
101,2024-11-01,0,63
101,2024-12-01,0,79
102,2019-01-01,0,59
102,2019-02-01,0,41
102,2019-03-01,0,39
102,2019-04-01,0,43
102,2019-05-01,0,61
102,2019-06-01,0,58
102,2019-07-01,0,55
102,2019-08-01,0,69
102,2019-09-01,0,73
102,2019-10-01,0,79
102,2019-11-01,0,75
102,2019-12-01,0,60
102,2024-01-01,0,102
102,2024-02-01,0,114
102,2024-03-01,0,85
102,2024-04-01,0,125
102,2024-05-01,0,105
102,2024-06-01,0,99
102,2024-07-01,0,122
102,2024-08-01,0,101
102,2024-09-01,0,110
102,2024-10-01,0,113
102,2024-11-01,0,88
102,2024-12-01,0,83
103,2019-01-01,0,102
103,2019-02-01,0,101
103,2019-03-01,0,134
103,2019-04-01,0,112
103,2019-05-01,0,143
103,2019-06-01,0,127
103,2019-07-01,0,150
103,2019-08-01,0,113
103,2019-09-01,0,114
103,2019-10-01,0,137
103,2019-11-01,0,136
103,2019-12-01,0,148
103,2024-01-01,0,166
103,2024-02-01,0,146
103,2024-03-01,0,179
103,2024-04-01,0,169
103,2024-05-01,0,220
103,2024-06-01,0,222
103,2024-07-01,0,198
103,2024-08-01,0,217
103,2024-09-01,0,203
103,2024-10-01,0,207
103,2024-11-01,0,175
103,2024-12-01,0,187
104,2019-01-01,0,89
104,2019-02-01,0,90
104,2019-03-01,0,101
104,2019-04-01,0,86
104,2019-05-01,0,121
104,2019-06-01,0,152
104,2019-07-01,0,140
104,2019-08-01,0,126
104,2019-09-01,0,94
104,2019-10-01,0,103
104,2019-11-01,0,111
104,2019-12-01,0,121
104,2024-01-01,0,167
104,2024-02-01,0,145
104,2024-03-01,0,132
104,2024-04-01,0,154
104,2024-05-01,0,145
104,2024-06-01,0,179
104,2024-07-01,0,164
104,2024-08-01,0,150
104,2024-09-01,0,161
104,2024-10-01,0,138
104,2024-11-01,0,123
104,2024-12-01,0,111
105,2019-01-01,0,134
105,2019-02-01,0,95
105,2019-03-01,0,112
105,2019-04-01,0,114
105,2019-05-01,0,139
105,2019-06-01,0,133
105,2019-07-01,0,143
105,2019-08-01,0,174
105,2019-09-01,0,130
105,2019-10-01,0,141
105,2019-11-01,0,157
105,2019-12-01,0,138
105,2024-01-01,0,169
105,2024-02-01,0,133
105,2024-03-01,0,129
105,2024-04-01,0,156
105,2024-05-01,0,154
105,2024-06-01,0,129
105,2024-07-01,0,144
105,2024-08-01,0,151
105,2024-09-01,0,138
105,2024-10-01,0,174
105,2024-11-01,0,146
105,2024-12-01,0,120
106,2019-01-01,0,77
106,2019-02-01,0,73
106,2019-03-01,0,99
106,2019-04-01,0,81
106,2019-05-01,0,101
106,2019-06-01,0,112
106,2019-07-01,0,108
106,2019-08-01,0,115
106,2019-09-01,0,124
106,2019-10-01,0,112
106,2019-11-01,0,98
106,2019-12-01,0,121
106,2024-01-01,0,125
106,2024-02-01,0,119
106,2024-03-01,0,119
106,2024-04-01,0,131
106,2024-05-01,0,146
106,2024-06-01,0,137
106,2024-07-01,0,137
106,2024-08-01,0,146
106,2024-09-01,0,136
106,2024-10-01,0,146
106,2024-11-01,0,121
106,2024-12-01,0,118
107,2019-01-01,0,97
107,2019-02-01,0,79
107,2019-03-01,0,78
107,2019-04-01,0,78
107,2019-05-01,0,110
107,2019-06-01,0,94
107,2019-07-01,0,121
107,2019-08-01,0,102
107,2019-09-01,0,114
107,2019-10-01,0,112
107,2019-11-01,0,83
107,2019-12-01,0,107
107,2024-01-01,0,129
107,2024-02-01,0,111
107,2024-03-01,0,132
107,2024-04-01,0,122
107,2024-05-01,0,135
107,2024-06-01,0,127
107,2024-07-01,0,134
107,2024-08-01,0,132
107,2024-09-01,0,148
107,2024-10-01,0,135
107,2024-11-01,0,122
107,2024-12-01,0,118
108,2019-01-01,0,68
108,2019-02-01,0,67
108,2019-03-01,0,68
108,2019-04-01,0,75
108,2019-05-01,0,68
108,2019-06-01,0,114
108,2019-07-01,0,97
108,2019-08-01,0,106
108,2019-09-01,0,91
108,2019-10-01,0,85
108,2019-11-01,0,84
108,2019-12-01,0,84
108,2024-01-01,0,126
108,2024-02-01,0,125
108,2024-03-01,0,133
108,2024-04-01,0,144
108,2024-05-01,0,154
108,2024-06-01,0,170
108,2024-07-01,0,148
108,2024-08-01,0,168
108,2024-09-01,0,156
108,2024-10-01,0,127
108,2024-11-01,0,111
108,2024-12-01,0,130
109,2019-01-01,0,134
109,2019-02-01,0,133
109,2019-03-01,0,142
109,2019-04-01,0,146
109,2019-05-01,0,173
109,2019-06-01,0,178
109,2019-07-01,0,161
109,2019-08-01,0,161
109,2019-09-01,0,157
109,2019-10-01,0,181
109,2019-11-01,0,181
109,2019-12-01,0,168
109,2024-01-01,0,263
109,2024-02-01,0,231
109,2024-03-01,0,242
109,2024-04-01,0,262
109,2024-05-01,0,272
109,2024-06-01,0,255
109,2024-07-01,0,288
109,2024-08-01,0,277
109,2024-09-01,0,247
109,2024-10-01,0,223
109,2024-11-01,0,244
109,2024-12-01,0,191
110,2019-01-01,0,98
110,2019-02-01,0,84
110,2019-03-01,0,102
110,2019-04-01,0,90
110,2019-05-01,0,98
110,2019-06-01,0,121
110,2019-07-01,0,134
110,2019-08-01,0,151
110,2019-09-01,0,151
110,2019-10-01,0,150
110,2019-11-01,0,135
110,2019-12-01,0,139
110,2024-01-01,0,242
110,2024-02-01,0,223
110,2024-03-01,0,236
110,2024-04-01,0,219
110,2024-05-01,0,263
110,2024-06-01,0,285
110,2024-07-01,0,307
110,2024-08-01,0,259
110,2024-09-01,0,248
110,2024-10-01,0,263
110,2024-11-01,0,204
110,2024-12-01,0,190
111,2019-01-01,0,62
111,2019-02-01,0,54
111,2019-03-01,0,66
111,2019-04-01,0,50
111,2019-05-01,0,53
111,2019-06-01,0,60
111,2019-07-01,0,56
111,2019-08-01,0,62
111,2019-09-01,0,73
111,2019-10-01,0,67
111,2019-11-01,0,76
111,2019-12-01,0,56
111,2024-01-01,0,96
111,2024-02-01,0,90
111,2024-03-01,0,83
111,2024-04-01,0,111
111,2024-05-01,0,96
111,2024-06-01,0,90
111,2024-07-01,0,98
111,2024-08-01,0,103
111,2024-09-01,0,95
111,2024-10-01,0,120
111,2024-11-01,0,89
111,2024-12-01,0,100
112,2019-01-01,0,27
112,2019-02-01,0,39
112,2019-03-01,0,43
112,2019-04-01,0,45
112,2019-05-01,0,45
112,2019-06-01,0,52
112,2019-07-01,0,51
112,2019-08-01,0,60
112,2019-09-01,0,39
112,2019-10-01,0,56
112,2019-11-01,0,50
112,2019-12-01,0,48
112,2024-01-01,0,54
112,2024-02-01,0,65
112,2024-03-01,0,76
112,2024-04-01,0,80
112,2024-05-01,0,87
112,2024-06-01,0,93
112,2024-07-01,0,74
112,2024-08-01,0,77
112,2024-09-01,0,91
112,2024-10-01,0,74
112,2024-11-01,0,73
112,2024-12-01,0,80
113,2019-01-01,0,120
113,2019-02-01,0,85
113,2019-03-01,0,95
113,2019-04-01,0,88
113,2019-05-01,0,101
113,2019-06-01,0,122
113,2019-07-01,0,131
113,2019-08-01,0,124
113,2019-09-01,0,123
113,2019-10-01,0,121
113,2019-11-01,0,106
113,2019-12-01,0,129
113,2024-01-01,0,97
113,2024-02-01,0,94
113,2024-03-01,0,110
113,2024-04-01,0,87
113,2024-05-01,0,98
113,2024-06-01,0,108
113,2024-07-01,0,96
113,2024-08-01,0,97
113,2024-09-01,0,106
113,2024-10-01,0,91
113,2024-11-01,0,94
113,2024-12-01,0,97
114,2019-01-01,0,129
114,2019-02-01,0,120
114,2019-03-01,0,144
114,2019-04-01,0,140
114,2019-05-01,0,146
114,2019-06-01,0,129
114,2019-07-01,0,176
114,2019-08-01,0,159
114,2019-09-01,0,125
114,2019-10-01,0,140
114,2019-11-01,0,139
114,2019-12-01,0,154
114,2024-01-01,0,163
114,2024-02-01,0,228
114,2024-03-01,0,192
114,2024-04-01,0,206
114,2024-05-01,0,186
114,2024-06-01,0,232
114,2024-07-01,0,218
114,2024-08-01,0,197
114,2024-09-01,0,191
114,2024-10-01,0,206
114,2024-11-01,0,197
114,2024-12-01,0,186
115,2019-01-01,0,107
115,2019-02-01,0,105
115,2019-03-01,0,117
115,2019-04-01,0,88
115,2019-05-01,0,94
115,2019-06-01,0,109
115,2019-07-01,0,134
115,2019-08-01,0,141
115,2019-09-01,0,143
115,2019-10-01,0,127
115,2019-11-01,0,149
115,2019-12-01,0,108
115,2024-01-01,0,217
115,2024-02-01,0,154
115,2024-03-01,0,196
115,2024-04-01,0,185
115,2024-05-01,0,208
115,2024-06-01,0,264
115,2024-07-01,0,281
115,2024-08-01,0,245
115,2024-09-01,0,210
115,2024-10-01,0,215
115,2024-11-01,0,191
115,2024-12-01,0,198
116,2024-05-01,0,1
116,2024-07-01,0,1
116,2024-08-01,0,1
116,2024-10-01,0,7
116,2024-11-01,0,5
116,2024-12-01,0,36
120,2019-01-01,0,66
120,2019-02-01,0,53
120,2019-03-01,0,69
120,2019-04-01,0,60
120,2019-05-01,0,75
120,2019-06-01,0,76
120,2019-07-01,0,73
120,2019-08-01,0,80
120,2019-09-01,0,86
120,2019-10-01,0,74
120,2019-11-01,0,56
120,2019-12-01,0,75
120,2024-01-01,0,76
120,2024-02-01,0,104
120,2024-03-01,0,118
120,2024-04-01,0,106
120,2024-05-01,0,116
120,2024-06-01,0,114
120,2024-07-01,0,97
120,2024-08-01,0,101
120,2024-09-01,0,102
120,2024-10-01,0,101
120,2024-11-01,0,81
120,2024-12-01,0,87
121,2019-01-01,0,58
121,2019-02-01,0,49
121,2019-03-01,0,57
121,2019-04-01,0,60
121,2019-05-01,0,60
121,2019-06-01,0,63
121,2019-07-01,0,80
121,2019-08-01,0,59
121,2019-09-01,0,59
121,2019-10-01,0,67
121,2019-11-01,0,77
121,2019-12-01,0,65
121,2024-01-01,0,49
121,2024-02-01,0,51
121,2024-03-01,0,78
121,2024-04-01,0,77
121,2024-05-01,0,85
121,2024-06-01,0,71
121,2024-07-01,0,85
121,2024-08-01,0,67
121,2024-09-01,0,83
121,2024-10-01,0,72
121,2024-11-01,0,60
121,2024-12-01,0,73
122,2019-01-01,0,38
122,2019-02-01,0,29
122,2019-03-01,0,39
122,2019-04-01,0,27
122,2019-05-01,0,52
122,2019-06-01,0,48
122,2019-07-01,0,43
122,2019-08-01,0,41
122,2019-09-01,0,59
122,2019-10-01,0,46
122,2019-11-01,0,48
122,2019-12-01,0,38
122,2024-01-01,0,80
122,2024-02-01,0,76
122,2024-03-01,0,83
122,2024-04-01,0,60
122,2024-05-01,0,75
122,2024-06-01,0,73
122,2024-07-01,0,64
122,2024-08-01,0,75
122,2024-09-01,0,81
122,2024-10-01,0,53
122,2024-11-01,0,62
122,2024-12-01,0,60
123,2019-01-01,0,21
123,2019-02-01,0,28
123,2019-03-01,0,18
123,2019-04-01,0,25
123,2019-05-01,0,22
123,2019-06-01,0,21
123,2019-07-01,0,29
123,2019-08-01,0,37
123,2019-09-01,0,27
123,2019-10-01,0,22
123,2019-11-01,0,28
123,2019-12-01,0,21
123,2024-01-01,0,31
123,2024-02-01,0,45
123,2024-03-01,0,43
123,2024-04-01,0,40
123,2024-05-01,0,36
123,2024-06-01,0,53
123,2024-07-01,0,40
123,2024-08-01,0,39
123,2024-09-01,0,30
123,2024-10-01,0,35
123,2024-11-01,0,35
123,2024-12-01,0,37
13,2019-01-01,0,176
13,2019-02-01,0,131
13,2019-03-01,0,146
13,2019-04-01,0,167
13,2019-05-01,0,177
13,2019-06-01,0,179
13,2019-07-01,0,142
13,2019-08-01,0,194
13,2019-09-01,0,184
13,2019-10-01,0,185
13,2019-11-01,0,188
13,2019-12-01,0,197
13,2024-01-01,0,141
13,2024-02-01,0,105
13,2024-03-01,0,139
13,2024-04-01,0,111
13,2024-05-01,0,133
13,2024-06-01,0,133
13,2024-07-01,0,159
13,2024-08-01,0,178
13,2024-09-01,0,147
13,2024-10-01,0,169
13,2024-11-01,0,179
13,2024-12-01,0,151
14,2019-01-01,0,216
14,2019-02-01,0,169
14,2019-03-01,0,175
14,2019-04-01,0,200
14,2019-05-01,0,204
14,2019-06-01,0,213
14,2019-07-01,0,215
14,2019-08-01,0,224
14,2019-09-01,0,203
14,2019-10-01,0,257
14,2019-11-01,0,215
14,2019-12-01,0,237
14,2024-01-01,0,333
14,2024-02-01,0,237
14,2024-03-01,0,267
14,2024-04-01,0,270
14,2024-05-01,0,292
14,2024-06-01,0,258
14,2024-07-01,0,308
14,2024-08-01,0,304
14,2024-09-01,0,240
14,2024-10-01,0,288
14,2024-11-01,0,312
14,2024-12-01,0,274
17,2019-01-01,0,81
17,2019-02-01,0,92
17,2019-03-01,0,90
17,2019-04-01,0,80
17,2019-05-01,0,76
17,2019-06-01,0,91
17,2019-07-01,0,95
17,2019-08-01,0,102
17,2019-09-01,0,91
17,2019-10-01,0,122
17,2019-11-01,0,106
17,2019-12-01,0,93
17,2024-01-01,0,94
17,2024-02-01,0,61
17,2024-03-01,0,83
17,2024-04-01,0,79
17,2024-05-01,0,63
17,2024-06-01,0,64
17,2024-07-01,0,72
17,2024-08-01,0,88
17,2024-09-01,0,82
17,2024-10-01,0,59
17,2024-11-01,0,73
17,2024-12-01,0,66
18,2019-01-01,0,190
18,2019-02-01,0,141
18,2019-03-01,0,179
18,2019-04-01,0,197
18,2019-05-01,0,218
18,2019-06-01,0,234
18,2019-07-01,0,217
18,2019-08-01,0,217
18,2019-09-01,0,195
18,2019-10-01,0,187
18,2019-11-01,0,219
18,2019-12-01,0,221
18,2024-01-01,0,214
18,2024-02-01,0,166
18,2024-03-01,0,201
18,2024-04-01,0,208
18,2024-05-01,0,234
18,2024-06-01,0,216
18,2024-07-01,0,255
18,2024-08-01,0,228
18,2024-09-01,0,188
18,2024-10-01,0,202
18,2024-11-01,0,230
18,2024-12-01,0,300
19,2019-01-01,0,194
19,2019-02-01,0,156
19,2019-03-01,0,152
19,2019-04-01,0,164
19,2019-05-01,0,158
19,2019-06-01,0,196
19,2019-07-01,0,206
19,2019-08-01,0,201
19,2019-09-01,0,180
19,2019-10-01,0,238
19,2019-11-01,0,232
19,2019-12-01,0,223
19,2024-01-01,0,191
19,2024-02-01,0,161
19,2024-03-01,0,187
19,2024-04-01,0,155
19,2024-05-01,0,215
19,2024-06-01,0,205
19,2024-07-01,0,203
19,2024-08-01,0,217
19,2024-09-01,0,209
19,2024-10-01,0,236
19,2024-11-01,0,199
19,2024-12-01,0,218
20,2019-01-01,0,54
20,2019-02-01,0,56
20,2019-03-01,0,75
20,2019-04-01,0,68
20,2019-05-01,0,71
20,2019-06-01,0,81
20,2019-07-01,0,81
20,2019-08-01,0,68
20,2019-09-01,0,90
20,2019-10-01,0,79
20,2019-11-01,0,85
20,2019-12-01,0,102
20,2024-01-01,0,88
20,2024-02-01,0,85
20,2024-03-01,0,83
20,2024-04-01,0,90
20,2024-05-01,0,111
20,2024-06-01,0,109
20,2024-07-01,0,102
20,2024-08-01,0,92
20,2024-09-01,0,111
20,2024-10-01,0,126
20,2024-11-01,0,111
20,2024-12-01,0,105
22,2019-01-01,0,2
22,2019-02-01,0,3
22,2019-03-01,0,1
22,2019-04-01,0,7
22,2019-05-01,0,9
22,2019-06-01,0,7
22,2019-07-01,0,4
22,2019-08-01,0,10
22,2019-09-01,0,11
22,2019-10-01,0,4
22,2019-11-01,0,9
22,2019-12-01,0,2
22,2024-01-01,0,3
22,2024-02-01,0,10
22,2024-03-01,0,14
22,2024-04-01,0,8
22,2024-05-01,0,14
22,2024-06-01,0,11
22,2024-07-01,0,9
22,2024-08-01,0,13
22,2024-09-01,0,6
22,2024-10-01,0,2
22,2024-11-01,0,7
22,2024-12-01,0,3
23,2019-01-01,0,69
23,2019-02-01,0,57
23,2019-03-01,0,75
23,2019-04-01,0,61
23,2019-05-01,0,90
23,2019-06-01,0,81
23,2019-07-01,0,83
23,2019-08-01,0,80
23,2019-09-01,0,95
23,2019-10-01,0,70
23,2019-11-01,0,73
23,2019-12-01,0,93
23,2024-01-01,0,104
23,2024-02-01,0,82
23,2024-03-01,0,122
23,2024-04-01,0,103
23,2024-05-01,0,126
23,2024-06-01,0,130
23,2024-07-01,0,110
23,2024-08-01,0,110
23,2024-09-01,0,126
23,2024-10-01,0,131
23,2024-11-01,0,120
23,2024-12-01,0,97
24,2019-01-01,0,76
24,2019-02-01,0,55
24,2019-03-01,0,70
24,2019-04-01,0,68
24,2019-05-01,0,85
24,2019-06-01,0,89
24,2019-07-01,0,106
24,2019-08-01,0,86
24,2019-09-01,0,100
24,2019-10-01,0,115
24,2019-11-01,0,89
24,2019-12-01,0,101
24,2024-01-01,0,74
24,2024-02-01,0,82
24,2024-03-01,0,67
24,2024-04-01,0,86
24,2024-05-01,0,71
24,2024-06-01,0,99
24,2024-07-01,0,90
24,2024-08-01,0,90
24,2024-09-01,0,90
24,2024-10-01,0,109
24,2024-11-01,0,75
24,2024-12-01,0,67
25,2019-01-01,0,70
25,2019-02-01,0,77
25,2019-03-01,0,90
25,2019-04-01,0,85
25,2019-05-01,0,118
25,2019-06-01,0,104
25,2019-07-01,0,116
25,2019-08-01,0,129
25,2019-09-01,0,90
25,2019-10-01,0,90
25,2019-11-01,0,74
25,2019-12-01,0,79
25,2024-01-01,0,103
25,2024-02-01,0,113
25,2024-03-01,0,137
25,2024-04-01,0,139
25,2024-05-01,0,134
25,2024-06-01,0,134
25,2024-07-01,0,139
25,2024-08-01,0,132
25,2024-09-01,0,111
25,2024-10-01,0,119
25,2024-11-01,0,114
25,2024-12-01,0,86
26,2019-01-01,0,38
26,2019-02-01,0,44
26,2019-03-01,0,46
26,2019-04-01,0,58
26,2019-05-01,0,59
26,2019-06-01,0,57
26,2019-07-01,0,50
26,2019-08-01,0,65
26,2019-09-01,0,59
26,2019-10-01,0,67
26,2019-11-01,0,67
26,2019-12-01,0,50
26,2024-01-01,0,65
26,2024-02-01,0,55
26,2024-03-01,0,68
26,2024-04-01,0,72
26,2024-05-01,0,51
26,2024-06-01,0,67
26,2024-07-01,0,65
26,2024-08-01,0,66
26,2024-09-01,0,55
26,2024-10-01,0,78
26,2024-11-01,0,63
26,2024-12-01,0,57
28,2019-01-01,0,63
28,2019-02-01,0,57
28,2019-03-01,0,67
28,2019-04-01,0,83
28,2019-05-01,0,77
28,2019-06-01,0,77
28,2019-07-01,0,77
28,2019-08-01,0,82
28,2019-09-01,0,77
28,2019-10-01,0,98
28,2019-11-01,0,62
28,2019-12-01,0,66
28,2024-01-01,0,81
28,2024-02-01,0,88
28,2024-03-01,0,99
28,2024-04-01,0,103
28,2024-05-01,0,104
28,2024-06-01,0,99
28,2024-07-01,0,101
28,2024-08-01,0,104
28,2024-09-01,0,80
28,2024-10-01,0,88
28,2024-11-01,0,95
28,2024-12-01,0,57
30,2019-01-01,0,45
30,2019-02-01,0,46
30,2019-03-01,0,49
30,2019-04-01,0,53
30,2019-05-01,0,59
30,2019-06-01,0,70
30,2019-07-01,0,81
30,2019-08-01,0,69
30,2019-09-01,0,87
30,2019-10-01,0,99
30,2019-11-01,0,65
30,2019-12-01,0,60
30,2024-01-01,0,78
30,2024-02-01,0,56
30,2024-03-01,0,61
30,2024-04-01,0,75
30,2024-05-01,0,84
30,2024-06-01,0,78
30,2024-07-01,0,75
30,2024-08-01,0,89
30,2024-09-01,0,80
30,2024-10-01,0,78
30,2024-11-01,0,83
30,2024-12-01,0,57
32,2019-01-01,0,75
32,2019-02-01,0,64
32,2019-03-01,0,73
32,2019-04-01,0,80
32,2019-05-01,0,90
32,2019-06-01,0,104
32,2019-07-01,0,106
32,2019-08-01,0,109
32,2019-09-01,0,108
32,2019-10-01,0,95
32,2019-11-01,0,98
32,2019-12-01,0,82
32,2024-01-01,0,105
32,2024-02-01,0,88
32,2024-03-01,0,116
32,2024-04-01,0,117
32,2024-05-01,0,122
32,2024-06-01,0,108
32,2024-07-01,0,113
32,2024-08-01,0,97
32,2024-09-01,0,105
32,2024-10-01,0,100
32,2024-11-01,0,122
32,2024-12-01,0,111
33,2019-01-01,0,49
33,2019-02-01,0,45
33,2019-03-01,0,44
33,2019-04-01,0,59
33,2019-05-01,0,52
33,2019-06-01,0,81
33,2019-07-01,0,89
33,2019-08-01,0,67
33,2019-09-01,0,64
33,2019-10-01,0,74
33,2019-11-01,0,77
33,2019-12-01,0,81
33,2024-01-01,0,82
33,2024-02-01,0,75
33,2024-03-01,0,93
33,2024-04-01,0,77
33,2024-05-01,0,87
33,2024-06-01,0,85
33,2024-07-01,0,80
33,2024-08-01,0,86
33,2024-09-01,0,93
33,2024-10-01,0,81
33,2024-11-01,0,69
33,2024-12-01,0,69
34,2019-01-01,0,90
34,2019-02-01,0,83
34,2019-03-01,0,81
34,2019-04-01,0,77
34,2019-05-01,0,122
34,2019-06-01,0,128
34,2019-07-01,0,97
34,2019-08-01,0,136
34,2019-09-01,0,93
34,2019-10-01,0,103
34,2019-11-01,0,117
34,2019-12-01,0,108
34,2024-01-01,0,119
34,2024-02-01,0,119
34,2024-03-01,0,142
34,2024-04-01,0,129
34,2024-05-01,0,144
34,2024-06-01,0,136
34,2024-07-01,0,106
34,2024-08-01,0,134
34,2024-09-01,0,116
34,2024-10-01,0,113
34,2024-11-01,0,135
34,2024-12-01,0,107
40,2019-01-01,0,190
40,2019-02-01,0,140
40,2019-03-01,0,146
40,2019-04-01,0,173
40,2019-05-01,0,213
40,2019-06-01,0,235
40,2019-07-01,0,228
40,2019-08-01,0,214
40,2019-09-01,0,213
40,2019-10-01,0,203
40,2019-11-01,0,185
40,2019-12-01,0,172
40,2024-01-01,0,244
40,2024-02-01,0,240
40,2024-03-01,0,267
40,2024-04-01,0,268
40,2024-05-01,0,279
40,2024-06-01,0,257
40,2024-07-01,0,297
40,2024-08-01,0,327
40,2024-09-01,0,291
40,2024-10-01,0,285
40,2024-11-01,0,263
40,2024-12-01,0,250
41,2019-01-01,0,72
41,2019-02-01,0,84
41,2019-03-01,0,79
41,2019-04-01,0,83
41,2019-05-01,0,79
41,2019-06-01,0,78
41,2019-07-01,0,112
41,2019-08-01,0,101
41,2019-09-01,0,116
41,2019-10-01,0,87
41,2019-11-01,0,96
41,2019-12-01,0,91
41,2024-01-01,0,152
41,2024-02-01,0,122
41,2024-03-01,0,135
41,2024-04-01,0,144
41,2024-05-01,0,138
41,2024-06-01,0,174
41,2024-07-01,0,152
41,2024-08-01,0,160
41,2024-09-01,0,124
41,2024-10-01,0,147
41,2024-11-01,0,148
41,2024-12-01,0,133
42,2019-01-01,0,135
42,2019-02-01,0,94
42,2019-03-01,0,101
42,2019-04-01,0,114
42,2019-05-01,0,115
42,2019-06-01,0,131
42,2019-07-01,0,145
42,2019-08-01,0,137
42,2019-09-01,0,148
42,2019-10-01,0,146
42,2019-11-01,0,144
42,2019-12-01,0,137
42,2024-01-01,0,188
42,2024-02-01,0,152
42,2024-03-01,0,203
42,2024-04-01,0,194
42,2024-05-01,0,223
42,2024-06-01,0,186
42,2024-07-01,0,194
42,2024-08-01,0,232
42,2024-09-01,0,190
42,2024-10-01,0,178
42,2024-11-01,0,202
42,2024-12-01,0,195
43,2019-01-01,0,136
43,2019-02-01,0,132
43,2019-03-01,0,115
43,2019-04-01,0,130
43,2019-05-01,0,169
43,2019-06-01,0,164
43,2019-07-01,0,157
43,2019-08-01,0,174
43,2019-09-01,0,178
43,2019-10-01,0,187
43,2019-11-01,0,146
43,2019-12-01,0,167
43,2024-01-01,0,227
43,2024-02-01,0,216
43,2024-03-01,0,237
43,2024-04-01,0,218
43,2024-05-01,0,273
43,2024-06-01,0,275
43,2024-07-01,0,313
43,2024-08-01,0,319
43,2024-09-01,0,269
43,2024-10-01,0,322
43,2024-11-01,0,241
43,2024-12-01,0,226
44,2019-01-01,0,150
44,2019-02-01,0,142
44,2019-03-01,0,175
44,2019-04-01,0,167
44,2019-05-01,0,178
44,2019-06-01,0,212
44,2019-07-01,0,237
44,2019-08-01,0,212
44,2019-09-01,0,219
44,2019-10-01,0,210
44,2019-11-01,0,213
44,2019-12-01,0,163
44,2024-01-01,0,252
44,2024-02-01,0,222
44,2024-03-01,0,257
44,2024-04-01,0,257
44,2024-05-01,0,307
44,2024-06-01,0,271
44,2024-07-01,0,303
44,2024-08-01,0,238
44,2024-09-01,0,283
44,2024-10-01,0,288
44,2024-11-01,0,275
44,2024-12-01,0,220
45,2019-01-01,0,91
45,2019-02-01,0,64
45,2019-03-01,0,90
45,2019-04-01,0,89
45,2019-05-01,0,97
45,2019-06-01,0,102
45,2019-07-01,0,124
45,2019-08-01,0,115
45,2019-09-01,0,90
45,2019-10-01,0,96
45,2019-11-01,0,96
45,2019-12-01,0,103
45,2024-01-01,0,153
45,2024-02-01,0,126
45,2024-03-01,0,165
45,2024-04-01,0,128
45,2024-05-01,0,154
45,2024-06-01,0,145
45,2024-07-01,0,188
45,2024-08-01,0,181
45,2024-09-01,0,172
45,2024-10-01,0,171
45,2024-11-01,0,141
45,2024-12-01,0,112
46,2019-01-01,0,146
46,2019-02-01,0,120
46,2019-03-01,0,124
46,2019-04-01,0,128
46,2019-05-01,0,140
46,2019-06-01,0,148
46,2019-07-01,0,182
46,2019-08-01,0,165
46,2019-09-01,0,152
46,2019-10-01,0,161
46,2019-11-01,0,160
46,2019-12-01,0,150
46,2024-01-01,0,171
46,2024-02-01,0,180
46,2024-03-01,0,183
46,2024-04-01,0,170
46,2024-05-01,0,213
46,2024-06-01,0,221
46,2024-07-01,0,265
46,2024-08-01,0,224
46,2024-09-01,0,218
46,2024-10-01,0,213
46,2024-11-01,0,196
46,2024-12-01,0,170
47,2019-01-01,0,169
47,2019-02-01,0,129
47,2019-03-01,0,161
47,2019-04-01,0,168
47,2019-05-01,0,192
47,2019-06-01,0,162
47,2019-07-01,0,199
47,2019-08-01,0,179
47,2019-09-01,0,178
47,2019-10-01,0,176
47,2019-11-01,0,181
47,2019-12-01,0,137
47,2024-01-01,0,272
47,2024-02-01,0,201
47,2024-03-01,0,221
47,2024-04-01,0,240
47,2024-05-01,0,276
47,2024-06-01,0,272
47,2024-07-01,0,297
47,2024-08-01,0,258
47,2024-09-01,0,255
47,2024-10-01,0,281
47,2024-11-01,0,231
47,2024-12-01,0,267
48,2019-01-01,0,96
48,2019-02-01,0,90
48,2019-03-01,0,80
48,2019-04-01,0,108
48,2019-05-01,0,120
48,2019-06-01,0,114
48,2019-07-01,0,125
48,2019-08-01,0,150
48,2019-09-01,0,141
48,2019-10-01,0,148
48,2019-11-01,0,105
48,2019-12-01,0,115
48,2024-01-01,0,217
48,2024-02-01,0,165
48,2024-03-01,0,185
48,2024-04-01,0,193
48,2024-05-01,0,242
48,2024-06-01,0,230
48,2024-07-01,0,219
48,2024-08-01,0,225
48,2024-09-01,0,226
48,2024-10-01,0,212
48,2024-11-01,0,180
48,2024-12-01,0,185
49,2019-01-01,0,90
49,2019-02-01,0,68
49,2019-03-01,0,84
49,2019-04-01,0,71
49,2019-05-01,0,116
49,2019-06-01,0,82
49,2019-07-01,0,91
49,2019-08-01,0,106
49,2019-09-01,0,99
49,2019-10-01,0,131
49,2019-11-01,0,112
49,2019-12-01,0,101
49,2024-01-01,0,205
49,2024-02-01,0,186
49,2024-03-01,0,211
49,2024-04-01,0,164
49,2024-05-01,0,181
49,2024-06-01,0,181
49,2024-07-01,0,197
49,2024-08-01,0,205
49,2024-09-01,0,164
49,2024-10-01,0,186
49,2024-11-01,0,173
49,2024-12-01,0,169
5,2019-01-01,0,61
5,2019-02-01,0,74
5,2019-03-01,0,83
5,2019-04-01,0,70
5,2019-05-01,0,86
5,2019-06-01,0,88
5,2019-07-01,0,109
5,2019-08-01,0,92
5,2019-09-01,0,87
5,2019-10-01,0,97
5,2019-11-01,0,85
5,2019-12-01,0,98
5,2024-01-01,0,121
5,2024-02-01,0,90
5,2024-03-01,0,96
5,2024-04-01,0,89
5,2024-05-01,0,105
5,2024-06-01,0,98
5,2024-07-01,0,119
5,2024-08-01,0,137
5,2024-09-01,0,139
5,2024-10-01,0,142
5,2024-11-01,0,104
5,2024-12-01,0,83
50,2019-01-01,0,75
50,2019-02-01,0,59
50,2019-03-01,0,65
50,2019-04-01,0,58
50,2019-05-01,0,81
50,2019-06-01,0,73
50,2019-07-01,0,112
50,2019-08-01,0,108
50,2019-09-01,0,86
50,2019-10-01,0,76
50,2019-11-01,0,98
50,2019-12-01,0,78
50,2024-01-01,0,147
50,2024-02-01,0,127
50,2024-03-01,0,126
50,2024-04-01,0,123
50,2024-05-01,0,131
50,2024-06-01,0,126
50,2024-07-01,0,191
50,2024-08-01,0,144
50,2024-09-01,0,114
50,2024-10-01,0,141
50,2024-11-01,0,121
50,2024-12-01,0,102
52,2019-01-01,0,104
52,2019-02-01,0,122
52,2019-03-01,0,145
52,2019-04-01,0,146
52,2019-05-01,0,168
52,2019-06-01,0,169
52,2019-07-01,0,213
52,2019-08-01,0,205
52,2019-09-01,0,180
52,2019-10-01,0,183
52,2019-11-01,0,145
52,2019-12-01,0,142
52,2024-01-01,0,226
52,2024-02-01,0,204
52,2024-03-01,0,168
52,2024-04-01,0,221
52,2024-05-01,0,211
52,2024-06-01,0,229
52,2024-07-01,0,291
52,2024-08-01,0,294
52,2024-09-01,0,237
52,2024-10-01,0,268
52,2024-11-01,0,209
52,2024-12-01,0,191
6,2019-01-01,0,109
6,2019-02-01,0,86
6,2019-03-01,0,91
6,2019-04-01,0,92
6,2019-05-01,0,125
6,2019-06-01,0,148
6,2019-07-01,0,149
6,2019-08-01,0,143
6,2019-09-01,0,153
6,2019-10-01,0,150
6,2019-11-01,0,143
6,2019-12-01,0,154
6,2024-01-01,0,124
6,2024-02-01,0,117
6,2024-03-01,0,134
6,2024-04-01,0,120
6,2024-05-01,0,162
6,2024-06-01,0,171
6,2024-07-01,0,156
6,2024-08-01,0,148
6,2024-09-01,0,182
6,2024-10-01,0,187
6,2024-11-01,0,132
6,2024-12-01,0,141
60,2019-01-01,0,66
60,2019-02-01,0,51
60,2019-03-01,0,50
60,2019-04-01,0,71
60,2019-05-01,0,85
60,2019-06-01,0,102
60,2019-07-01,0,144
60,2019-08-01,0,98
60,2019-09-01,0,78
60,2019-10-01,0,67
60,2019-11-01,0,66
60,2019-12-01,0,95
60,2024-01-01,0,77
60,2024-02-01,0,91
60,2024-03-01,0,75
60,2024-04-01,0,85
60,2024-05-01,0,84
60,2024-06-01,0,119
60,2024-07-01,0,117
60,2024-08-01,0,98
60,2024-09-01,0,100
60,2024-10-01,0,105
60,2024-11-01,0,90
60,2024-12-01,0,76
61,2019-01-01,0,113
61,2019-02-01,0,86
61,2019-03-01,0,80
61,2019-04-01,0,87
61,2019-05-01,0,89
61,2019-06-01,0,80
61,2019-07-01,0,80
61,2019-08-01,0,102
61,2019-09-01,0,91
61,2019-10-01,0,116
61,2019-11-01,0,95
61,2019-12-01,0,117
61,2024-01-01,0,142
61,2024-02-01,0,105
61,2024-03-01,0,118
61,2024-04-01,0,99
61,2024-05-01,0,132
61,2024-06-01,0,103
61,2024-07-01,0,139
61,2024-08-01,0,98
61,2024-09-01,0,139
61,2024-10-01,0,118
61,2024-11-01,0,103
61,2024-12-01,0,128
62,2019-01-01,0,94
62,2019-02-01,0,84
62,2019-03-01,0,76
62,2019-04-01,0,78
62,2019-05-01,0,94
62,2019-06-01,0,112
62,2019-07-01,0,89
62,2019-08-01,0,109
62,2019-09-01,0,90
62,2019-10-01,0,94
62,2019-11-01,0,80
62,2019-12-01,0,84
62,2024-01-01,0,111
62,2024-02-01,0,87
62,2024-03-01,0,107
62,2024-04-01,0,101
62,2024-05-01,0,141
62,2024-06-01,0,124
62,2024-07-01,0,106
62,2024-08-01,0,109
62,2024-09-01,0,93
62,2024-10-01,0,117
62,2024-11-01,0,88
62,2024-12-01,0,99
63,2019-01-01,0,63
63,2019-02-01,0,60
63,2019-03-01,0,67
63,2019-04-01,0,74
63,2019-05-01,0,67
63,2019-06-01,0,69
63,2019-07-01,0,95
63,2019-08-01,0,60
63,2019-09-01,0,68
63,2019-10-01,0,85
63,2019-11-01,0,85
63,2019-12-01,0,85
63,2024-01-01,0,92
63,2024-02-01,0,69
63,2024-03-01,0,102
63,2024-04-01,0,104
63,2024-05-01,0,100
63,2024-06-01,0,89
63,2024-07-01,0,88
63,2024-08-01,0,118
63,2024-09-01,0,110
63,2024-10-01,0,73
63,2024-11-01,0,85
63,2024-12-01,0,93
66,2019-01-01,0,79
66,2019-02-01,0,72
66,2019-03-01,0,69
66,2019-04-01,0,64
66,2019-05-01,0,79
66,2019-06-01,0,75
66,2019-07-01,0,70
66,2019-08-01,0,95
66,2019-09-01,0,103
66,2019-10-01,0,93
66,2019-11-01,0,80
66,2019-12-01,0,96
66,2024-01-01,0,95
66,2024-02-01,0,100
66,2024-03-01,0,89
66,2024-04-01,0,107
66,2024-05-01,0,83
66,2024-06-01,0,100
66,2024-07-01,0,92
66,2024-08-01,0,109
66,2024-09-01,0,109
66,2024-10-01,0,78
66,2024-11-01,0,88
66,2024-12-01,0,77
67,2019-01-01,0,125
67,2019-02-01,0,111
67,2019-03-01,0,113
67,2019-04-01,0,96
67,2019-05-01,0,137
67,2019-06-01,0,144
67,2019-07-01,0,146
67,2019-08-01,0,176
67,2019-09-01,0,179
67,2019-10-01,0,139
67,2019-11-01,0,132
67,2019-12-01,0,144
67,2024-01-01,0,185
67,2024-02-01,0,150
67,2024-03-01,0,167
67,2024-04-01,0,184
67,2024-05-01,0,179
67,2024-06-01,0,185
67,2024-07-01,0,170
67,2024-08-01,0,192
67,2024-09-01,0,171
67,2024-10-01,0,183
67,2024-11-01,0,156
67,2024-12-01,0,149
68,2019-01-01,0,45
68,2019-02-01,0,58
68,2019-03-01,0,64
68,2019-04-01,0,39
68,2019-05-01,0,61
68,2019-06-01,0,75
68,2019-07-01,0,85
68,2019-08-01,0,100
68,2019-09-01,0,81
68,2019-10-01,0,67
68,2019-11-01,0,50
68,2019-12-01,0,68
68,2024-01-01,0,87
68,2024-02-01,0,86
68,2024-03-01,0,64
68,2024-04-01,0,46
68,2024-05-01,0,68
68,2024-06-01,0,85
68,2024-07-01,0,64
68,2024-08-01,0,67
68,2024-09-01,0,66
68,2024-10-01,0,81
68,2024-11-01,0,58
68,2024-12-01,0,66
69,2019-01-01,0,52
69,2019-02-01,0,40
69,2019-03-01,0,65
69,2019-04-01,0,66
69,2019-05-01,0,56
69,2019-06-01,0,61
69,2019-07-01,0,60
69,2019-08-01,0,58
69,2019-09-01,0,63
69,2019-10-01,0,64
69,2019-11-01,0,50
69,2019-12-01,0,52
69,2024-01-01,0,59
69,2024-02-01,0,58
69,2024-03-01,0,75
69,2024-04-01,0,62
69,2024-05-01,0,74
69,2024-06-01,0,69
69,2024-07-01,0,68
69,2024-08-01,0,56
69,2024-09-01,0,66
69,2024-10-01,0,49
69,2024-11-01,0,57
69,2024-12-01,0,40
7,2019-01-01,0,74
7,2019-02-01,0,71
7,2019-03-01,0,82
7,2019-04-01,0,74
7,2019-05-01,0,74
7,2019-06-01,0,72
7,2019-07-01,0,90
7,2019-08-01,0,98
7,2019-09-01,0,96
7,2019-10-01,0,81
7,2019-11-01,0,70
7,2019-12-01,0,84
7,2024-01-01,0,72
7,2024-02-01,0,65
7,2024-03-01,0,83
7,2024-04-01,0,90
7,2024-05-01,0,86
7,2024-06-01,0,96
7,2024-07-01,0,87
7,2024-08-01,0,105
7,2024-09-01,0,92
7,2024-10-01,0,95
7,2024-11-01,0,73
7,2024-12-01,0,72
70,2019-01-01,0,91
70,2019-02-01,0,69
70,2019-03-01,0,95
70,2019-04-01,0,99
70,2019-05-01,0,94
70,2019-06-01,0,96
70,2019-07-01,0,104
70,2019-08-01,0,113
70,2019-09-01,0,114
70,2019-10-01,0,112
70,2019-11-01,0,94
70,2019-12-01,0,124
70,2024-01-01,0,97
70,2024-02-01,0,102
70,2024-03-01,0,102
70,2024-04-01,0,106
70,2024-05-01,0,134
70,2024-06-01,0,134
70,2024-07-01,0,130
70,2024-08-01,0,102
70,2024-09-01,0,100
70,2024-10-01,0,105
70,2024-11-01,0,115
70,2024-12-01,0,109
71,2019-01-01,0,87
71,2019-02-01,0,72
71,2019-03-01,0,88
71,2019-04-01,0,96
71,2019-05-01,0,93
71,2019-06-01,0,89
71,2019-07-01,0,129
71,2019-08-01,0,99
71,2019-09-01,0,98
71,2019-10-01,0,96
71,2019-11-01,0,74
71,2019-12-01,0,98
71,2024-01-01,0,81
71,2024-02-01,0,51
71,2024-03-01,0,67
71,2024-04-01,0,58
71,2024-05-01,0,64
71,2024-06-01,0,64
71,2024-07-01,0,56
71,2024-08-01,0,69
71,2024-09-01,0,70
71,2024-10-01,0,54
71,2024-11-01,0,68
71,2024-12-01,0,61
72,2019-01-01,0,84
72,2019-02-01,0,73
72,2019-03-01,0,101
72,2019-04-01,0,99
72,2019-05-01,0,89
72,2019-06-01,0,105
72,2019-07-01,0,119
72,2019-08-01,0,136
72,2019-09-01,0,93
72,2019-10-01,0,90
72,2019-11-01,0,106
72,2019-12-01,0,107
72,2024-01-01,0,116
72,2024-02-01,0,113
72,2024-03-01,0,92
72,2024-04-01,0,119
72,2024-05-01,0,120
72,2024-06-01,0,116
72,2024-07-01,0,96
72,2024-08-01,0,120
72,2024-09-01,0,99
72,2024-10-01,0,115
72,2024-11-01,0,79
72,2024-12-01,0,66
73,2019-01-01,0,113
73,2019-02-01,0,108
73,2019-03-01,0,99
73,2019-04-01,0,122
73,2019-05-01,0,126
73,2019-06-01,0,128
73,2019-07-01,0,152
73,2019-08-01,0,151
73,2019-09-01,0,124
73,2019-10-01,0,155
73,2019-11-01,0,132
73,2019-12-01,0,133
73,2024-01-01,0,136
73,2024-02-01,0,119
73,2024-03-01,0,142
73,2024-04-01,0,124
73,2024-05-01,0,152
73,2024-06-01,0,143
73,2024-07-01,0,134
73,2024-08-01,0,125
73,2024-09-01,0,133
73,2024-10-01,0,131
73,2024-11-01,0,114
73,2024-12-01,0,126
75,2019-01-01,0,266
75,2019-02-01,0,223
75,2019-03-01,0,261
75,2019-04-01,0,279
75,2019-05-01,0,305
75,2019-06-01,0,285
75,2019-07-01,0,322
75,2019-08-01,0,316
75,2019-09-01,0,369
75,2019-10-01,0,335
75,2019-11-01,0,266
75,2019-12-01,0,296
75,2024-01-01,0,303
75,2024-02-01,0,260
75,2024-03-01,0,301
75,2024-04-01,0,306
75,2024-05-01,0,342
75,2024-06-01,0,328
75,2024-07-01,0,314
75,2024-08-01,0,292
75,2024-09-01,0,319
75,2024-10-01,0,287
75,2024-11-01,0,282
75,2024-12-01,0,203
76,2019-01-01,0,30
76,2019-02-01,0,39
76,2019-03-01,0,35
76,2019-04-01,0,37
76,2019-05-01,0,34
76,2019-06-01,0,24
76,2019-07-01,0,34
76,2019-08-01,0,27
76,2019-09-01,0,39
76,2019-10-01,0,32
76,2019-11-01,0,30
76,2019-12-01,0,27
76,2024-01-01,0,41
76,2024-02-01,0,38
76,2024-03-01,0,42
76,2024-04-01,0,41
76,2024-05-01,0,45
76,2024-06-01,0,51
76,2024-07-01,0,51
76,2024-08-01,0,60
76,2024-09-01,0,51
76,2024-10-01,0,35
76,2024-11-01,0,45
76,2024-12-01,0,42
77,2019-01-01,0,70
77,2019-02-01,0,76
77,2019-03-01,0,69
77,2019-04-01,0,85
77,2019-05-01,0,84
77,2019-06-01,0,86
77,2019-07-01,0,90
77,2019-08-01,0,98
77,2019-09-01,0,98
77,2019-10-01,0,111
77,2019-11-01,0,66
77,2019-12-01,0,94
77,2024-01-01,0,92
77,2024-02-01,0,86
77,2024-03-01,0,84
77,2024-04-01,0,76
77,2024-05-01,0,109
77,2024-06-01,0,103
77,2024-07-01,0,135
77,2024-08-01,0,110
77,2024-09-01,0,112
77,2024-10-01,0,114
77,2024-11-01,0,112
77,2024-12-01,0,72
78,2019-01-01,0,64
78,2019-02-01,0,55
78,2019-03-01,0,48
78,2019-04-01,0,68
78,2019-05-01,0,76
78,2019-06-01,0,81
78,2019-07-01,0,75
78,2019-08-01,0,71
78,2019-09-01,0,65
78,2019-10-01,0,78
78,2019-11-01,0,84
78,2019-12-01,0,74
78,2024-01-01,0,79
78,2024-02-01,0,81
78,2024-03-01,0,81
78,2024-04-01,0,99
78,2024-05-01,0,73
78,2024-06-01,0,83
78,2024-07-01,0,66
78,2024-08-01,0,69
78,2024-09-01,0,94
78,2024-10-01,0,85
78,2024-11-01,0,79
78,2024-12-01,0,68
79,2019-01-01,0,100
79,2019-02-01,0,92
79,2019-03-01,0,112
79,2019-04-01,0,137
79,2019-05-01,0,143
79,2019-06-01,0,160
79,2019-07-01,0,146
79,2019-08-01,0,156
79,2019-09-01,0,136
79,2019-10-01,0,146
79,2019-11-01,0,106
79,2019-12-01,0,123
79,2024-01-01,0,121
79,2024-02-01,0,93
79,2024-03-01,0,105
79,2024-04-01,0,99
79,2024-05-01,0,110
79,2024-06-01,0,112
79,2024-07-01,0,122
79,2024-08-01,0,121
79,2024-09-01,0,119
79,2024-10-01,0,127
79,2024-11-01,0,94
79,2024-12-01,0,78
81,2019-01-01,0,78
81,2019-02-01,0,82
81,2019-03-01,0,101
81,2019-04-01,0,95
81,2019-05-01,0,120
81,2019-06-01,0,123
81,2019-07-01,0,137
81,2019-08-01,0,120
81,2019-09-01,0,129
81,2019-10-01,0,111
81,2019-11-01,0,102
81,2019-12-01,0,87
81,2024-01-01,0,76
81,2024-02-01,0,64
81,2024-03-01,0,68
81,2024-04-01,0,86
81,2024-05-01,0,76
81,2024-06-01,0,85
81,2024-07-01,0,75
81,2024-08-01,0,82
81,2024-09-01,0,65
81,2024-10-01,0,67
81,2024-11-01,0,74
81,2024-12-01,0,54
83,2019-01-01,0,116
83,2019-02-01,0,77
83,2019-03-01,0,106
83,2019-04-01,0,126
83,2019-05-01,0,125
83,2019-06-01,0,107
83,2019-07-01,0,161
83,2019-08-01,0,160
83,2019-09-01,0,175
83,2019-10-01,0,136
83,2019-11-01,0,117
83,2019-12-01,0,105
83,2024-01-01,0,156
83,2024-02-01,0,138
83,2024-03-01,0,170
83,2024-04-01,0,134
83,2024-05-01,0,175
83,2024-06-01,0,148
83,2024-07-01,0,163
83,2024-08-01,0,163
83,2024-09-01,0,165
83,2024-10-01,0,120
83,2024-11-01,0,127
83,2024-12-01,0,119
84,2019-01-01,0,90
84,2019-02-01,0,65
84,2019-03-01,0,85
84,2019-04-01,0,84
84,2019-05-01,0,81
84,2019-06-01,0,111
84,2019-07-01,0,96
84,2019-08-01,0,109
84,2019-09-01,0,90
84,2019-10-01,0,92
84,2019-11-01,0,97
84,2019-12-01,0,77
84,2024-01-01,0,102
84,2024-02-01,0,128
84,2024-03-01,0,122
84,2024-04-01,0,139
84,2024-05-01,0,142
84,2024-06-01,0,166
84,2024-07-01,0,160
84,2024-08-01,0,165
84,2024-09-01,0,138
84,2024-10-01,0,143
84,2024-11-01,0,162
84,2024-12-01,0,126
88,2019-01-01,0,69
88,2019-02-01,0,54
88,2019-03-01,0,84
88,2019-04-01,0,59
88,2019-05-01,0,99
88,2019-06-01,0,89
88,2019-07-01,0,88
88,2019-08-01,0,92
88,2019-09-01,0,81
88,2019-10-01,0,94
88,2019-11-01,0,98
88,2019-12-01,0,79
88,2024-01-01,0,55
88,2024-02-01,0,61
88,2024-03-01,0,70
88,2024-04-01,0,60
88,2024-05-01,0,68
88,2024-06-01,0,80
88,2024-07-01,0,99
88,2024-08-01,0,98
88,2024-09-01,0,84
88,2024-10-01,0,76
88,2024-11-01,0,89
88,2024-12-01,0,69
9,2019-01-01,0,67
9,2019-02-01,0,73
9,2019-03-01,0,87
9,2019-04-01,0,88
9,2019-05-01,0,110
9,2019-06-01,0,102
9,2019-07-01,0,109
9,2019-08-01,0,110
9,2019-09-01,0,120
9,2019-10-01,0,125
9,2019-11-01,0,99
9,2019-12-01,0,134
9,2024-01-01,0,121
9,2024-02-01,0,83
9,2024-03-01,0,96
9,2024-04-01,0,93
9,2024-05-01,0,117
9,2024-06-01,0,95
9,2024-07-01,0,115
9,2024-08-01,0,118
9,2024-09-01,0,117
9,2024-10-01,0,132
9,2024-11-01,0,132
9,2024-12-01,0,106
90,2019-01-01,0,92
90,2019-02-01,0,103
90,2019-03-01,0,95
90,2019-04-01,0,103
90,2019-05-01,0,106
90,2019-06-01,0,117
90,2019-07-01,0,132
90,2019-08-01,0,106
90,2019-09-01,0,133
90,2019-10-01,0,122
90,2019-11-01,0,108
90,2019-12-01,0,99
90,2024-01-01,0,134
90,2024-02-01,0,125
90,2024-03-01,0,137
90,2024-04-01,0,135
90,2024-05-01,0,168
90,2024-06-01,0,139
90,2024-07-01,0,130
90,2024-08-01,0,131
90,2024-09-01,0,149
90,2024-10-01,0,121
90,2024-11-01,0,132
90,2024-12-01,0,111
94,2019-01-01,0,69
94,2019-02-01,0,59
94,2019-03-01,0,51
94,2019-04-01,0,59
94,2019-05-01,0,65
94,2019-06-01,0,60
94,2019-07-01,0,81
94,2019-08-01,0,64
94,2019-09-01,0,83
94,2019-10-01,0,74
94,2019-11-01,0,71
94,2019-12-01,0,56
94,2024-01-01,0,94
94,2024-02-01,0,67
94,2024-03-01,0,88
94,2024-04-01,0,84
94,2024-05-01,0,99
94,2024-06-01,0,122
94,2024-07-01,0,95
94,2024-08-01,0,93
94,2024-09-01,0,128
94,2024-10-01,0,103
94,2024-11-01,0,89
94,2024-12-01,0,72
Precinct 1,2019-01-01,646,0
Precinct 1,2019-02-01,541,0
Precinct 1,2019-03-01,710,0
Precinct 1,2019-04-01,865,0
Precinct 1,2019-05-01,793,0
Precinct 1,2019-06-01,831,0
Precinct 1,2019-07-01,749,0
Precinct 1,2019-08-01,773,0
Precinct 1,2019-09-01,1025,0
Precinct 1,2019-10-01,1528,0
Precinct 1,2019-11-01,1632,0
Precinct 1,2019-12-01,1154,0
Precinct 1,2024-01-01,1163,0
Precinct 1,2024-02-01,1071,0
Precinct 1,2024-03-01,1282,0
Precinct 1,2024-04-01,1453,0
Precinct 1,2024-05-01,1670,0
Precinct 1,2024-06-01,1240,0
Precinct 1,2024-07-01,1817,0
Precinct 1,2024-08-01,1369,0
Precinct 1,2024-09-01,2045,0
Precinct 1,2024-10-01,1867,0
Precinct 1,2024-11-01,1333,0
Precinct 1,2024-12-01,1429,0
Precinct 10,2019-01-01,357,0
Precinct 10,2019-02-01,342,0
Precinct 10,2019-03-01,377,0
Precinct 10,2019-04-01,455,0
Precinct 10,2019-05-01,483,0
Precinct 10,2019-06-01,470,0
Precinct 10,2019-07-01,407,0
Precinct 10,2019-08-01,526,0
Precinct 10,2019-09-01,752,0
Precinct 10,2019-10-01,679,0
Precinct 10,2019-11-01,631,0
Precinct 10,2019-12-01,397,0
Precinct 10,2024-01-01,653,0
Precinct 10,2024-02-01,883,0
Precinct 10,2024-03-01,890,0
Precinct 10,2024-04-01,1018,0
Precinct 10,2024-05-01,1156,0
Precinct 10,2024-06-01,1044,0
Precinct 10,2024-07-01,846,0
Precinct 10,2024-08-01,894,0
Precinct 10,2024-09-01,1064,0
Precinct 10,2024-10-01,1168,0
Precinct 10,2024-11-01,1044,0
Precinct 10,2024-12-01,692,0
Precinct 100,2019-01-01,207,0
Precinct 100,2019-02-01,196,0
Precinct 100,2019-03-01,216,0
Precinct 100,2019-04-01,172,0
Precinct 100,2019-05-01,373,0
Precinct 100,2019-06-01,453,0
Precinct 100,2019-07-01,557,0
Precinct 100,2019-08-01,397,0
Precinct 100,2019-09-01,382,0
Precinct 100,2019-10-01,254,0
Precinct 100,2019-11-01,215,0
Precinct 100,2019-12-01,187,0
Precinct 100,2024-01-01,358,0
Precinct 100,2024-02-01,380,0
Precinct 100,2024-03-01,421,0
Precinct 100,2024-04-01,421,0
Precinct 100,2024-05-01,629,0
Precinct 100,2024-06-01,1076,0
Precinct 100,2024-07-01,984,0
Precinct 100,2024-08-01,731,0
Precinct 100,2024-09-01,646,0
Precinct 100,2024-10-01,429,0
Precinct 100,2024-11-01,349,0
Precinct 100,2024-12-01,400,0
Precinct 101,2019-01-01,310,0
Precinct 101,2019-02-01,313,0
Precinct 101,2019-03-01,328,0
Precinct 101,2019-04-01,362,0
Precinct 101,2019-05-01,413,0
Precinct 101,2019-06-01,422,0
Precinct 101,2019-07-01,321,0
Precinct 101,2019-08-01,342,0
Precinct 101,2019-09-01,324,0
Precinct 101,2019-10-01,237,0
Precinct 101,2019-11-01,275,0
Precinct 101,2019-12-01,283,0
Precinct 101,2024-01-01,537,0
Precinct 101,2024-02-01,464,0
Precinct 101,2024-03-01,533,0
Precinct 101,2024-04-01,454,0
Precinct 101,2024-05-01,606,0
Precinct 101,2024-06-01,595,0
Precinct 101,2024-07-01,677,0
Precinct 101,2024-08-01,620,0
Precinct 101,2024-09-01,691,0
Precinct 101,2024-10-01,548,0
Precinct 101,2024-11-01,525,0
Precinct 101,2024-12-01,536,0
Precinct 102,2019-01-01,1483,0
Precinct 102,2019-02-01,1310,0
Precinct 102,2019-03-01,1679,0
Precinct 102,2019-04-01,1673,0
Precinct 102,2019-05-01,2103,0
Precinct 102,2019-06-01,2231,0
Precinct 102,2019-07-01,1918,0
Precinct 102,2019-08-01,1959,0
Precinct 102,2019-09-01,2050,0
Precinct 102,2019-10-01,1832,0
Precinct 102,2019-11-01,1331,0
Precinct 102,2019-12-01,1473,0
Precinct 102,2024-01-01,2350,0
Precinct 102,2024-02-01,2131,0
Precinct 102,2024-03-01,2741,0
Precinct 102,2024-04-01,2454,0
Precinct 102,2024-05-01,2796,0
Precinct 102,2024-06-01,3480,0
Precinct 102,2024-07-01,2806,0
Precinct 102,2024-08-01,2635,0
Precinct 102,2024-09-01,3021,0
Precinct 102,2024-10-01,2546,0
Precinct 102,2024-11-01,2454,0
Precinct 102,2024-12-01,2338,0
Precinct 103,2019-01-01,735,0
Precinct 103,2019-02-01,645,0
Precinct 103,2019-03-01,772,0
Precinct 103,2019-04-01,848,0
Precinct 103,2019-05-01,1165,0
Precinct 103,2019-06-01,1193,0
Precinct 103,2019-07-01,1074,0
Precinct 103,2019-08-01,1143,0
Precinct 103,2019-09-01,1137,0
Precinct 103,2019-10-01,814,0
Precinct 103,2019-11-01,770,0
Precinct 103,2019-12-01,847,0
Precinct 103,2024-01-01,1407,0
Precinct 103,2024-02-01,1275,0
Precinct 103,2024-03-01,1331,0
Precinct 103,2024-04-01,1480,0
Precinct 103,2024-05-01,1459,0
Precinct 103,2024-06-01,1533,0
Precinct 103,2024-07-01,1619,0
Precinct 103,2024-08-01,1521,0
Precinct 103,2024-09-01,1567,0
Precinct 103,2024-10-01,1429,0
Precinct 103,2024-11-01,1265,0
Precinct 103,2024-12-01,1084,0
Precinct 104,2019-01-01,1929,0
Precinct 104,2019-02-01,1932,0
Precinct 104,2019-03-01,2257,0
Precinct 104,2019-04-01,2357,0
Precinct 104,2019-05-01,2620,0
Precinct 104,2019-06-01,2413,0
Precinct 104,2019-07-01,2187,0
Precinct 104,2019-08-01,2008,0
Precinct 104,2019-09-01,2240,0
Precinct 104,2019-10-01,2424,0
Precinct 104,2019-11-01,2297,0
Precinct 104,2019-12-01,2264,0
Precinct 104,2024-01-01,3473,0
Precinct 104,2024-02-01,3370,0
Precinct 104,2024-03-01,3368,0
Precinct 104,2024-04-01,3524,0
Precinct 104,2024-05-01,3642,0
Precinct 104,2024-06-01,3688,0
Precinct 104,2024-07-01,3109,0
Precinct 104,2024-08-01,2951,0
Precinct 104,2024-09-01,4020,0
Precinct 104,2024-10-01,3874,0
Precinct 104,2024-11-01,3193,0
Precinct 104,2024-12-01,3115,0
Precinct 105,2019-01-01,799,0
Precinct 105,2019-02-01,651,0
Precinct 105,2019-03-01,876,0
Precinct 105,2019-04-01,994,0
Precinct 105,2019-05-01,1216,0
Precinct 105,2019-06-01,1307,0
Precinct 105,2019-07-01,1223,0
Precinct 105,2019-08-01,1336,0
Precinct 105,2019-09-01,1232,0
Precinct 105,2019-10-01,852,0
Precinct 105,2019-11-01,722,0
Precinct 105,2019-12-01,768,0
Precinct 105,2024-01-01,1070,0
Precinct 105,2024-02-01,1029,0
Precinct 105,2024-03-01,1231,0
Precinct 105,2024-04-01,1301,0
Precinct 105,2024-05-01,1510,0
Precinct 105,2024-06-01,1872,0
Precinct 105,2024-07-01,1641,0
Precinct 105,2024-08-01,1618,0
Precinct 105,2024-09-01,1589,0
Precinct 105,2024-10-01,1307,0
Precinct 105,2024-11-01,1243,0
Precinct 105,2024-12-01,833,0
Precinct 106,2019-01-01,1152,0
Precinct 106,2019-02-01,991,0
Precinct 106,2019-03-01,1258,0
Precinct 106,2019-04-01,1793,0
Precinct 106,2019-05-01,1831,0
Precinct 106,2019-06-01,2000,0
Precinct 106,2019-07-01,1539,0
Precinct 106,2019-08-01,1536,0
Precinct 106,2019-09-01,1750,0
Precinct 106,2019-10-01,1219,0
Precinct 106,2019-11-01,1066,0
Precinct 106,2019-12-01,1097,0
Precinct 106,2024-01-01,1360,0
Precinct 106,2024-02-01,1528,0
Precinct 106,2024-03-01,1730,0
Precinct 106,2024-04-01,1970,0
Precinct 106,2024-05-01,2388,0
Precinct 106,2024-06-01,3063,0
Precinct 106,2024-07-01,2528,0
Precinct 106,2024-08-01,2594,0
Precinct 106,2024-09-01,2507,0
Precinct 106,2024-10-01,2102,0
Precinct 106,2024-11-01,1684,0
Precinct 106,2024-12-01,1645,0
Precinct 107,2019-01-01,1087,0
Precinct 107,2019-02-01,1310,0
Precinct 107,2019-03-01,2013,0
Precinct 107,2019-04-01,1333,0
Precinct 107,2019-05-01,1693,0
Precinct 107,2019-06-01,1235,0
Precinct 107,2019-07-01,691,0
Precinct 107,2019-08-01,786,0
Precinct 107,2019-09-01,1804,0
Precinct 107,2019-10-01,1124,0
Precinct 107,2019-11-01,1001,0
Precinct 107,2019-12-01,861,0
Precinct 107,2024-01-01,2339,0
Precinct 107,2024-02-01,2840,0
Precinct 107,2024-03-01,2090,0
Precinct 107,2024-04-01,1699,0
Precinct 107,2024-05-01,2618,0
Precinct 107,2024-06-01,3825,0
Precinct 107,2024-07-01,3619,0
Precinct 107,2024-08-01,3363,0
Precinct 107,2024-09-01,3158,0
Precinct 107,2024-10-01,2782,0
Precinct 107,2024-11-01,2217,0
Precinct 107,2024-12-01,2958,0
Precinct 108,2019-01-01,979,0
Precinct 108,2019-02-01,766,0
Precinct 108,2019-03-01,1081,0
Precinct 108,2019-04-01,1085,0
Precinct 108,2019-05-01,1605,0
Precinct 108,2019-06-01,1481,0
Precinct 108,2019-07-01,1084,0
Precinct 108,2019-08-01,1168,0
Precinct 108,2019-09-01,1338,0
Precinct 108,2019-10-01,1416,0
Precinct 108,2019-11-01,1017,0
Precinct 108,2019-12-01,1057,0
Precinct 108,2024-01-01,2169,0
Precinct 108,2024-02-01,2054,0
Precinct 108,2024-03-01,2386,0
Precinct 108,2024-04-01,2339,0
Precinct 108,2024-05-01,2498,0
Precinct 108,2024-06-01,2703,0
Precinct 108,2024-07-01,2149,0
Precinct 108,2024-08-01,2170,0
Precinct 108,2024-09-01,2710,0
Precinct 108,2024-10-01,2670,0
Precinct 108,2024-11-01,2222,0
Precinct 108,2024-12-01,2471,0
Precinct 109,2019-01-01,1364,0
Precinct 109,2019-02-01,1295,0
Precinct 109,2019-03-01,1518,0
Precinct 109,2019-04-01,1481,0
Precinct 109,2019-05-01,1859,0
Precinct 109,2019-06-01,1810,0
Precinct 109,2019-07-01,1535,0
Precinct 109,2019-08-01,1546,0
Precinct 109,2019-09-01,1686,0
Precinct 109,2019-10-01,1497,0
Precinct 109,2019-11-01,1314,0
Precinct 109,2019-12-01,1495,0
Precinct 109,2024-01-01,2319,0
Precinct 109,2024-02-01,2168,0
Precinct 109,2024-03-01,2546,0
Precinct 109,2024-04-01,2393,0
Precinct 109,2024-05-01,2709,0
Precinct 109,2024-06-01,3292,0
Precinct 109,2024-07-01,2657,0
Precinct 109,2024-08-01,2741,0
Precinct 109,2024-09-01,3032,0
Precinct 109,2024-10-01,3070,0
Precinct 109,2024-11-01,2554,0
Precinct 109,2024-12-01,2745,0
Precinct 110,2019-01-01,819,0
Precinct 110,2019-02-01,779,0
Precinct 110,2019-03-01,894,0
Precinct 110,2019-04-01,885,0
Precinct 110,2019-05-01,1155,0
Precinct 110,2019-06-01,1289,0
Precinct 110,2019-07-01,1057,0
Precinct 110,2019-08-01,1079,0
Precinct 110,2019-09-01,1322,0
Precinct 110,2019-10-01,1168,0
Precinct 110,2019-11-01,929,0
Precinct 110,2019-12-01,988,0
Precinct 110,2024-01-01,2168,0
Precinct 110,2024-02-01,2126,0
Precinct 110,2024-03-01,3179,0
Precinct 110,2024-04-01,2697,0
Precinct 110,2024-05-01,2872,0
Precinct 110,2024-06-01,2903,0
Precinct 110,2024-07-01,2555,0
Precinct 110,2024-08-01,2370,0
Precinct 110,2024-09-01,2710,0
Precinct 110,2024-10-01,2717,0
Precinct 110,2024-11-01,2323,0
Precinct 110,2024-12-01,1912,0
Precinct 111,2019-01-01,521,0
Precinct 111,2019-02-01,434,0
Precinct 111,2019-03-01,608,0
Precinct 111,2019-04-01,526,0
Precinct 111,2019-05-01,681,0
Precinct 111,2019-06-01,616,0
Precinct 111,2019-07-01,545,0
Precinct 111,2019-08-01,481,0
Precinct 111,2019-09-01,651,0
Precinct 111,2019-10-01,630,0
Precinct 111,2019-11-01,563,0
Precinct 111,2019-12-01,538,0
Precinct 111,2024-01-01,777,0
Precinct 111,2024-02-01,871,0
Precinct 111,2024-03-01,1193,0
Precinct 111,2024-04-01,1093,0
Precinct 111,2024-05-01,1068,0
Precinct 111,2024-06-01,1171,0
Precinct 111,2024-07-01,898,0
Precinct 111,2024-08-01,1058,0
Precinct 111,2024-09-01,1117,0
Precinct 111,2024-10-01,1198,0
Precinct 111,2024-11-01,1080,0
Precinct 111,2024-12-01,898,0
Precinct 112,2019-01-01,630,0
Precinct 112,2019-02-01,675,0
Precinct 112,2019-03-01,668,0
Precinct 112,2019-04-01,732,0
Precinct 112,2019-05-01,756,0
Precinct 112,2019-06-01,730,0
Precinct 112,2019-07-01,632,0
Precinct 112,2019-08-01,568,0
Precinct 112,2019-09-01,728,0
Precinct 112,2019-10-01,847,0
Precinct 112,2019-11-01,645,0
Precinct 112,2019-12-01,698,0
Precinct 112,2024-01-01,997,0
Precinct 112,2024-02-01,959,0
Precinct 112,2024-03-01,1361,0
Precinct 112,2024-04-01,1021,0
Precinct 112,2024-05-01,1343,0
Precinct 112,2024-06-01,1194,0
Precinct 112,2024-07-01,1082,0
Precinct 112,2024-08-01,1269,0
Precinct 112,2024-09-01,1634,0
Precinct 112,2024-10-01,1405,0
Precinct 112,2024-11-01,1217,0
Precinct 112,2024-12-01,1240,0
Precinct 113,2019-01-01,643,0
Precinct 113,2019-02-01,599,0
Precinct 113,2019-03-01,713,0
Precinct 113,2019-04-01,817,0
Precinct 113,2019-05-01,991,0
Precinct 113,2019-06-01,1194,0
Precinct 113,2019-07-01,1082,0
Precinct 113,2019-08-01,1141,0
Precinct 113,2019-09-01,1103,0
Precinct 113,2019-10-01,771,0
Precinct 113,2019-11-01,652,0
Precinct 113,2019-12-01,666,0
Precinct 113,2024-01-01,868,0
Precinct 113,2024-02-01,861,0
Precinct 113,2024-03-01,1085,0
Precinct 113,2024-04-01,1087,0
Precinct 113,2024-05-01,1290,0
Precinct 113,2024-06-01,1480,0
Precinct 113,2024-07-01,1578,0
Precinct 113,2024-08-01,1486,0
Precinct 113,2024-09-01,1722,0
Precinct 113,2024-10-01,1168,0
Precinct 113,2024-11-01,1005,0
Precinct 113,2024-12-01,872,0
Precinct 114,2019-01-01,1959,0
Precinct 114,2019-02-01,1491,0
Precinct 114,2019-03-01,1887,0
Precinct 114,2019-04-01,2106,0
Precinct 114,2019-05-01,2523,0
Precinct 114,2019-06-01,2238,0
Precinct 114,2019-07-01,1679,0
Precinct 114,2019-08-01,1857,0
Precinct 114,2019-09-01,2152,0
Precinct 114,2019-10-01,2058,0
Precinct 114,2019-11-01,1820,0
Precinct 114,2019-12-01,1799,0
Precinct 114,2024-01-01,3017,0
Precinct 114,2024-02-01,2841,0
Precinct 114,2024-03-01,3448,0
Precinct 114,2024-04-01,3394,0
Precinct 114,2024-05-01,3750,0
Precinct 114,2024-06-01,3740,0
Precinct 114,2024-07-01,3167,0
Precinct 114,2024-08-01,3126,0
Precinct 114,2024-09-01,3825,0
Precinct 114,2024-10-01,3903,0
Precinct 114,2024-11-01,3389,0
Precinct 114,2024-12-01,3046,0
Precinct 115,2019-01-01,1058,0
Precinct 115,2019-02-01,933,0
Precinct 115,2019-03-01,1102,0
Precinct 115,2019-04-01,1276,0
Precinct 115,2019-05-01,1837,0
Precinct 115,2019-06-01,1858,0
Precinct 115,2019-07-01,1490,0
Precinct 115,2019-08-01,1563,0
Precinct 115,2019-09-01,1666,0
Precinct 115,2019-10-01,1530,0
Precinct 115,2019-11-01,1226,0
Precinct 115,2019-12-01,1287,0
Precinct 115,2024-01-01,1922,0
Precinct 115,2024-02-01,1980,0
Precinct 115,2024-03-01,2132,0
Precinct 115,2024-04-01,2363,0
Precinct 115,2024-05-01,2643,0
Precinct 115,2024-06-01,2616,0
Precinct 115,2024-07-01,2188,0
Precinct 115,2024-08-01,2332,0
Precinct 115,2024-09-01,2855,0
Precinct 115,2024-10-01,2528,0
Precinct 115,2024-11-01,2284,0
Precinct 115,2024-12-01,2107,0
Precinct 120,2019-01-01,1061,0
Precinct 120,2019-02-01,1117,0
Precinct 120,2019-03-01,914,0
Precinct 120,2019-04-01,846,0
Precinct 120,2019-05-01,1157,0
Precinct 120,2019-06-01,1265,0
Precinct 120,2019-07-01,954,0
Precinct 120,2019-08-01,1173,0
Precinct 120,2019-09-01,1247,0
Precinct 120,2019-10-01,800,0
Precinct 120,2019-11-01,646,0
Precinct 120,2019-12-01,647,0
Precinct 120,2024-01-01,812,0
Precinct 120,2024-02-01,785,0
Precinct 120,2024-03-01,919,0
Precinct 120,2024-04-01,1001,0
Precinct 120,2024-05-01,1145,0
Precinct 120,2024-06-01,1226,0
Precinct 120,2024-07-01,981,0
Precinct 120,2024-08-01,1041,0
Precinct 120,2024-09-01,1240,0
Precinct 120,2024-10-01,1239,0
Precinct 120,2024-11-01,946,0
Precinct 120,2024-12-01,789,0
Precinct 121,2019-01-01,621,0
Precinct 121,2019-02-01,569,0
Precinct 121,2019-03-01,631,0
Precinct 121,2019-04-01,645,0
Precinct 121,2019-05-01,822,0
Precinct 121,2019-06-01,738,0
Precinct 121,2019-07-01,748,0
Precinct 121,2019-08-01,734,0
Precinct 121,2019-09-01,825,0
Precinct 121,2019-10-01,600,0
Precinct 121,2019-11-01,550,0
Precinct 121,2019-12-01,601,0
Precinct 121,2024-01-01,629,0
Precinct 121,2024-02-01,616,0
Precinct 121,2024-03-01,798,0
Precinct 121,2024-04-01,656,0
Precinct 121,2024-05-01,831,0
Precinct 121,2024-06-01,1010,0
Precinct 121,2024-07-01,820,0
Precinct 121,2024-08-01,718,0
Precinct 121,2024-09-01,868,0
Precinct 121,2024-10-01,906,0
Precinct 121,2024-11-01,768,0
Precinct 121,2024-12-01,684,0
Precinct 122,2019-01-01,569,0
Precinct 122,2019-02-01,552,0
Precinct 122,2019-03-01,616,0
Precinct 122,2019-04-01,641,0
Precinct 122,2019-05-01,689,0
Precinct 122,2019-06-01,752,0
Precinct 122,2019-07-01,586,0
Precinct 122,2019-08-01,628,0
Precinct 122,2019-09-01,710,0
Precinct 122,2019-10-01,570,0
Precinct 122,2019-11-01,447,0
Precinct 122,2019-12-01,456,0
Precinct 122,2024-01-01,498,0
Precinct 122,2024-02-01,590,0
Precinct 122,2024-03-01,728,0
Precinct 122,2024-04-01,665,0
Precinct 122,2024-05-01,848,0
Precinct 122,2024-06-01,983,0
Precinct 122,2024-07-01,896,0
Precinct 122,2024-08-01,815,0
Precinct 122,2024-09-01,865,0
Precinct 122,2024-10-01,892,0
Precinct 122,2024-11-01,746,0
Precinct 122,2024-12-01,696,0
Precinct 123,2019-01-01,440,0
Precinct 123,2019-02-01,359,0
Precinct 123,2019-03-01,413,0
Precinct 123,2019-04-01,505,0
Precinct 123,2019-05-01,625,0
Precinct 123,2019-06-01,571,0
Precinct 123,2019-07-01,460,0
Precinct 123,2019-08-01,420,0
Precinct 123,2019-09-01,428,0
Precinct 123,2019-10-01,417,0
Precinct 123,2019-11-01,412,0
Precinct 123,2019-12-01,406,0
Precinct 123,2024-01-01,537,0
Precinct 123,2024-02-01,589,0
Precinct 123,2024-03-01,609,0
Precinct 123,2024-04-01,550,0
Precinct 123,2024-05-01,698,0
Precinct 123,2024-06-01,964,0
Precinct 123,2024-07-01,733,0
Precinct 123,2024-08-01,780,0
Precinct 123,2024-09-01,753,0
Precinct 123,2024-10-01,727,0
Precinct 123,2024-11-01,556,0
Precinct 123,2024-12-01,612,0
Precinct 13,2019-01-01,638,0
Precinct 13,2019-02-01,563,0
Precinct 13,2019-03-01,816,0
Precinct 13,2019-04-01,743,0
Precinct 13,2019-05-01,874,0
Precinct 13,2019-06-01,872,0
Precinct 13,2019-07-01,582,0
Precinct 13,2019-08-01,718,0
Precinct 13,2019-09-01,857,0
Precinct 13,2019-10-01,889,0
Precinct 13,2019-11-01,754,0
Precinct 13,2019-12-01,558,0
Precinct 13,2024-01-01,904,0
Precinct 13,2024-02-01,905,0
Precinct 13,2024-03-01,866,0
Precinct 13,2024-04-01,1154,0
Precinct 13,2024-05-01,1324,0
Precinct 13,2024-06-01,1064,0
Precinct 13,2024-07-01,1153,0
Precinct 13,2024-08-01,1289,0
Precinct 13,2024-09-01,1825,0
Precinct 13,2024-10-01,1551,0
Precinct 13,2024-11-01,1054,0
Precinct 13,2024-12-01,928,0
Precinct 14,2019-01-01,248,0
Precinct 14,2019-02-01,233,0
Precinct 14,2019-03-01,314,0
Precinct 14,2019-04-01,312,0
Precinct 14,2019-05-01,375,0
Precinct 14,2019-06-01,445,0
Precinct 14,2019-07-01,350,0
Precinct 14,2019-08-01,365,0
Precinct 14,2019-09-01,361,0
Precinct 14,2019-10-01,418,0
Precinct 14,2019-11-01,324,0
Precinct 14,2019-12-01,285,0
Precinct 14,2024-01-01,440,0
Precinct 14,2024-02-01,410,0
Precinct 14,2024-03-01,525,0
Precinct 14,2024-04-01,478,0
Precinct 14,2024-05-01,775,0
Precinct 14,2024-06-01,648,0
Precinct 14,2024-07-01,639,0
Precinct 14,2024-08-01,725,0
Precinct 14,2024-09-01,715,0
Precinct 14,2024-10-01,720,0
Precinct 14,2024-11-01,627,0
Precinct 14,2024-12-01,727,0
Precinct 17,2019-01-01,444,0
Precinct 17,2019-02-01,473,0
Precinct 17,2019-03-01,524,0
Precinct 17,2019-04-01,465,0
Precinct 17,2019-05-01,506,0
Precinct 17,2019-06-01,471,0
Precinct 17,2019-07-01,328,0
Precinct 17,2019-08-01,546,0
Precinct 17,2019-09-01,810,0
Precinct 17,2019-10-01,708,0
Precinct 17,2019-11-01,458,0
Precinct 17,2019-12-01,350,0
Precinct 17,2024-01-01,720,0
Precinct 17,2024-02-01,602,0
Precinct 17,2024-03-01,511,0
Precinct 17,2024-04-01,501,0
Precinct 17,2024-05-01,572,0
Precinct 17,2024-06-01,688,0
Precinct 17,2024-07-01,642,0
Precinct 17,2024-08-01,508,0
Precinct 17,2024-09-01,813,0
Precinct 17,2024-10-01,782,0
Precinct 17,2024-11-01,625,0
Precinct 17,2024-12-01,563,0
Precinct 18,2019-01-01,539,0
Precinct 18,2019-02-01,486,0
Precinct 18,2019-03-01,631,0
Precinct 18,2019-04-01,856,0
Precinct 18,2019-05-01,848,0
Precinct 18,2019-06-01,724,0
Precinct 18,2019-07-01,559,0
Precinct 18,2019-08-01,681,0
Precinct 18,2019-09-01,725,0
Precinct 18,2019-10-01,827,0
Precinct 18,2019-11-01,710,0
Precinct 18,2019-12-01,567,0
Precinct 18,2024-01-01,1003,0
Precinct 18,2024-02-01,990,0
Precinct 18,2024-03-01,1207,0
Precinct 18,2024-04-01,1277,0
Precinct 18,2024-05-01,2135,0
Precinct 18,2024-06-01,1407,0
Precinct 18,2024-07-01,1402,0
Precinct 18,2024-08-01,1390,0
Precinct 18,2024-09-01,1727,0
Precinct 18,2024-10-01,1715,0
Precinct 18,2024-11-01,1303,0
Precinct 18,2024-12-01,1122,0
Precinct 19,2019-01-01,836,0
Precinct 19,2019-02-01,735,0
Precinct 19,2019-03-01,868,0
Precinct 19,2019-04-01,814,0
Precinct 19,2019-05-01,929,0
Precinct 19,2019-06-01,859,0
Precinct 19,2019-07-01,771,0
Precinct 19,2019-08-01,697,0
Precinct 19,2019-09-01,836,0
Precinct 19,2019-10-01,1024,0
Precinct 19,2019-11-01,824,0
Precinct 19,2019-12-01,680,0
Precinct 19,2024-01-01,1216,0
Precinct 19,2024-02-01,1246,0
Precinct 19,2024-03-01,1339,0
Precinct 19,2024-04-01,1558,0
Precinct 19,2024-05-01,1392,0
Precinct 19,2024-06-01,1350,0
Precinct 19,2024-07-01,965,0
Precinct 19,2024-08-01,1110,0
Precinct 19,2024-09-01,1683,0
Precinct 19,2024-10-01,1801,0
Precinct 19,2024-11-01,1495,0
Precinct 19,2024-12-01,1332,0
Precinct 20,2019-01-01,417,0
Precinct 20,2019-02-01,503,0
Precinct 20,2019-03-01,533,0
Precinct 20,2019-04-01,659,0
Precinct 20,2019-05-01,704,0
Precinct 20,2019-06-01,528,0
Precinct 20,2019-07-01,399,0
Precinct 20,2019-08-01,536,0
Precinct 20,2019-09-01,677,0
Precinct 20,2019-10-01,648,0
Precinct 20,2019-11-01,561,0
Precinct 20,2019-12-01,505,0
Precinct 20,2024-01-01,713,0
Precinct 20,2024-02-01,677,0
Precinct 20,2024-03-01,895,0
Precinct 20,2024-04-01,979,0
Precinct 20,2024-05-01,1056,0
Precinct 20,2024-06-01,998,0
Precinct 20,2024-07-01,850,0
Precinct 20,2024-08-01,806,0
Precinct 20,2024-09-01,1292,0
Precinct 20,2024-10-01,1222,0
Precinct 20,2024-11-01,947,0
Precinct 20,2024-12-01,761,0
Precinct 22,2019-01-01,5,0
Precinct 22,2019-02-01,3,0
Precinct 22,2019-03-01,6,0
Precinct 22,2019-04-01,21,0
Precinct 22,2019-05-01,14,0
Precinct 22,2019-06-01,10,0
Precinct 22,2019-07-01,3,0
Precinct 22,2019-08-01,13,0
Precinct 22,2019-09-01,15,0
Precinct 22,2019-10-01,9,0
Precinct 22,2019-11-01,7,0
Precinct 22,2019-12-01,11,0
Precinct 22,2024-01-01,5,0
Precinct 22,2024-02-01,7,0
Precinct 22,2024-03-01,9,0
Precinct 22,2024-04-01,7,0
Precinct 22,2024-05-01,13,0
Precinct 22,2024-06-01,15,0
Precinct 22,2024-07-01,19,0
Precinct 22,2024-08-01,13,0
Precinct 22,2024-09-01,14,0
Precinct 22,2024-10-01,30,0
Precinct 22,2024-11-01,12,0
Precinct 22,2024-12-01,6,0
Precinct 23,2019-01-01,474,0
Precinct 23,2019-02-01,363,0
Precinct 23,2019-03-01,425,0
Precinct 23,2019-04-01,490,0
Precinct 23,2019-05-01,592,0
Precinct 23,2019-06-01,626,0
Precinct 23,2019-07-01,526,0
Precinct 23,2019-08-01,514,0
Precinct 23,2019-09-01,556,0
Precinct 23,2019-10-01,522,0
Precinct 23,2019-11-01,445,0
Precinct 23,2019-12-01,414,0
Precinct 23,2024-01-01,556,0
Precinct 23,2024-02-01,551,0
Precinct 23,2024-03-01,724,0
Precinct 23,2024-04-01,807,0
Precinct 23,2024-05-01,991,0
Precinct 23,2024-06-01,1184,0
Precinct 23,2024-07-01,1085,0
Precinct 23,2024-08-01,1191,0
Precinct 23,2024-09-01,1076,0
Precinct 23,2024-10-01,979,0
Precinct 23,2024-11-01,875,0
Precinct 23,2024-12-01,801,0
Precinct 24,2019-01-01,538,0
Precinct 24,2019-02-01,581,0
Precinct 24,2019-03-01,596,0
Precinct 24,2019-04-01,588,0
Precinct 24,2019-05-01,723,0
Precinct 24,2019-06-01,625,0
Precinct 24,2019-07-01,450,0
Precinct 24,2019-08-01,493,0
Precinct 24,2019-09-01,680,0
Precinct 24,2019-10-01,723,0
Precinct 24,2019-11-01,672,0
Precinct 24,2019-12-01,539,0
Precinct 24,2024-01-01,689,0
Precinct 24,2024-02-01,757,0
Precinct 24,2024-03-01,704,0
Precinct 24,2024-04-01,746,0
Precinct 24,2024-05-01,946,0
Precinct 24,2024-06-01,893,0
Precinct 24,2024-07-01,689,0
Precinct 24,2024-08-01,782,0
Precinct 24,2024-09-01,1151,0
Precinct 24,2024-10-01,1138,0
Precinct 24,2024-11-01,924,0
Precinct 24,2024-12-01,731,0
Precinct 25,2019-01-01,397,0
Precinct 25,2019-02-01,354,0
Precinct 25,2019-03-01,419,0
Precinct 25,2019-04-01,478,0
Precinct 25,2019-05-01,540,0
Precinct 25,2019-06-01,514,0
Precinct 25,2019-07-01,447,0
Precinct 25,2019-08-01,429,0
Precinct 25,2019-09-01,543,0
Precinct 25,2019-10-01,485,0
Precinct 25,2019-11-01,379,0
Precinct 25,2019-12-01,336,0
Precinct 25,2024-01-01,473,0
Precinct 25,2024-02-01,408,0
Precinct 25,2024-03-01,496,0
Precinct 25,2024-04-01,664,0
Precinct 25,2024-05-01,729,0
Precinct 25,2024-06-01,735,0
Precinct 25,2024-07-01,769,0
Precinct 25,2024-08-01,644,0
Precinct 25,2024-09-01,749,0
Precinct 25,2024-10-01,656,0
Precinct 25,2024-11-01,491,0
Precinct 25,2024-12-01,446,0
Precinct 26,2019-01-01,275,0
Precinct 26,2019-02-01,215,0
Precinct 26,2019-03-01,208,0
Precinct 26,2019-04-01,300,0
Precinct 26,2019-05-01,379,0
Precinct 26,2019-06-01,349,0
Precinct 26,2019-07-01,214,0
Precinct 26,2019-08-01,256,0
Precinct 26,2019-09-01,336,0
Precinct 26,2019-10-01,222,0
Precinct 26,2019-11-01,232,0
Precinct 26,2019-12-01,173,0
Precinct 26,2024-01-01,537,0
Precinct 26,2024-02-01,568,0
Precinct 26,2024-03-01,689,0
Precinct 26,2024-04-01,1010,0
Precinct 26,2024-05-01,1006,0
Precinct 26,2024-06-01,763,0
Precinct 26,2024-07-01,562,0
Precinct 26,2024-08-01,555,0
Precinct 26,2024-09-01,641,0
Precinct 26,2024-10-01,541,0
Precinct 26,2024-11-01,444,0
Precinct 26,2024-12-01,409,0
Precinct 28,2019-01-01,497,0
Precinct 28,2019-02-01,366,0
Precinct 28,2019-03-01,531,0
Precinct 28,2019-04-01,642,0
Precinct 28,2019-05-01,996,0
Precinct 28,2019-06-01,1126,0
Precinct 28,2019-07-01,868,0
Precinct 28,2019-08-01,763,0
Precinct 28,2019-09-01,911,0
Precinct 28,2019-10-01,656,0
Precinct 28,2019-11-01,515,0
Precinct 28,2019-12-01,461,0
Precinct 28,2024-01-01,923,0
Precinct 28,2024-02-01,924,0
Precinct 28,2024-03-01,1053,0
Precinct 28,2024-04-01,1305,0
Precinct 28,2024-05-01,1322,0
Precinct 28,2024-06-01,1632,0
Precinct 28,2024-07-01,1343,0
Precinct 28,2024-08-01,1189,0
Precinct 28,2024-09-01,1450,0
Precinct 28,2024-10-01,1451,0
Precinct 28,2024-11-01,1059,0
Precinct 28,2024-12-01,837,0
Precinct 30,2019-01-01,583,0
Precinct 30,2019-02-01,507,0
Precinct 30,2019-03-01,655,0
Precinct 30,2019-04-01,695,0
Precinct 30,2019-05-01,947,0
Precinct 30,2019-06-01,1269,0
Precinct 30,2019-07-01,962,0
Precinct 30,2019-08-01,1073,0
Precinct 30,2019-09-01,1005,0
Precinct 30,2019-10-01,842,0
Precinct 30,2019-11-01,599,0
Precinct 30,2019-12-01,542,0
Precinct 30,2024-01-01,1083,0
Precinct 30,2024-02-01,1204,0
Precinct 30,2024-03-01,1295,0
Precinct 30,2024-04-01,1203,0
Precinct 30,2024-05-01,1611,0
Precinct 30,2024-06-01,1896,0
Precinct 30,2024-07-01,1762,0
Precinct 30,2024-08-01,1629,0
Precinct 30,2024-09-01,1866,0
Precinct 30,2024-10-01,1715,0
Precinct 30,2024-11-01,1377,0
Precinct 30,2024-12-01,1076,0
Precinct 32,2019-01-01,658,0
Precinct 32,2019-02-01,657,0
Precinct 32,2019-03-01,760,0
Precinct 32,2019-04-01,740,0
Precinct 32,2019-05-01,1026,0
Precinct 32,2019-06-01,1084,0
Precinct 32,2019-07-01,887,0
Precinct 32,2019-08-01,891,0
Precinct 32,2019-09-01,1021,0
Precinct 32,2019-10-01,974,0
Precinct 32,2019-11-01,944,0
Precinct 32,2019-12-01,769,0
Precinct 32,2024-01-01,1335,0
Precinct 32,2024-02-01,1319,0
Precinct 32,2024-03-01,1450,0
Precinct 32,2024-04-01,1322,0
Precinct 32,2024-05-01,1424,0
Precinct 32,2024-06-01,1786,0
Precinct 32,2024-07-01,1523,0
Precinct 32,2024-08-01,1500,0
Precinct 32,2024-09-01,1568,0
Precinct 32,2024-10-01,1562,0
Precinct 32,2024-11-01,1453,0
Precinct 32,2024-12-01,1608,0
Precinct 33,2019-01-01,540,0
Precinct 33,2019-02-01,569,0
Precinct 33,2019-03-01,786,0
Precinct 33,2019-04-01,1090,0
Precinct 33,2019-05-01,1454,0
Precinct 33,2019-06-01,1749,0
Precinct 33,2019-07-01,1285,0
Precinct 33,2019-08-01,1155,0
Precinct 33,2019-09-01,1175,0
Precinct 33,2019-10-01,851,0
Precinct 33,2019-11-01,812,0
Precinct 33,2019-12-01,839,0
Precinct 33,2024-01-01,852,0
Precinct 33,2024-02-01,1016,0
Precinct 33,2024-03-01,1017,0
Precinct 33,2024-04-01,1080,0
Precinct 33,2024-05-01,1248,0
Precinct 33,2024-06-01,1635,0
Precinct 33,2024-07-01,1535,0
Precinct 33,2024-08-01,1525,0
Precinct 33,2024-09-01,1423,0
Precinct 33,2024-10-01,1264,0
Precinct 33,2024-11-01,1023,0
Precinct 33,2024-12-01,1114,0
Precinct 34,2019-01-01,1213,0
Precinct 34,2019-02-01,1194,0
Precinct 34,2019-03-01,1293,0
Precinct 34,2019-04-01,1389,0
Precinct 34,2019-05-01,2162,0
Precinct 34,2019-06-01,2175,0
Precinct 34,2019-07-01,1478,0
Precinct 34,2019-08-01,1918,0
Precinct 34,2019-09-01,1832,0
Precinct 34,2019-10-01,1532,0
Precinct 34,2019-11-01,1244,0
Precinct 34,2019-12-01,1516,0
Precinct 34,2024-01-01,1503,0
Precinct 34,2024-02-01,1593,0
Precinct 34,2024-03-01,2137,0
Precinct 34,2024-04-01,2422,0
Precinct 34,2024-05-01,2526,0
Precinct 34,2024-06-01,2740,0
Precinct 34,2024-07-01,2306,0
Precinct 34,2024-08-01,2510,0
Precinct 34,2024-09-01,2581,0
Precinct 34,2024-10-01,2834,0
Precinct 34,2024-11-01,2113,0
Precinct 34,2024-12-01,1779,0
Precinct 40,2019-01-01,608,0
Precinct 40,2019-02-01,636,0
Precinct 40,2019-03-01,664,0
Precinct 40,2019-04-01,722,0
Precinct 40,2019-05-01,816,0
Precinct 40,2019-06-01,887,0
Precinct 40,2019-07-01,915,0
Precinct 40,2019-08-01,811,0
Precinct 40,2019-09-01,945,0
Precinct 40,2019-10-01,816,0
Precinct 40,2019-11-01,641,0
Precinct 40,2019-12-01,754,0
Precinct 40,2024-01-01,1074,0
Precinct 40,2024-02-01,946,0
Precinct 40,2024-03-01,1260,0
Precinct 40,2024-04-01,1452,0
Precinct 40,2024-05-01,1833,0
Precinct 40,2024-06-01,1860,0
Precinct 40,2024-07-01,1567,0
Precinct 40,2024-08-01,1557,0
Precinct 40,2024-09-01,1636,0
Precinct 40,2024-10-01,1717,0
Precinct 40,2024-11-01,1240,0
Precinct 40,2024-12-01,1964,0
Precinct 41,2019-01-01,432,0
Precinct 41,2019-02-01,367,0
Precinct 41,2019-03-01,427,0
Precinct 41,2019-04-01,458,0
Precinct 41,2019-05-01,596,0
Precinct 41,2019-06-01,591,0
Precinct 41,2019-07-01,523,0
Precinct 41,2019-08-01,485,0
Precinct 41,2019-09-01,525,0
Precinct 41,2019-10-01,353,0
Precinct 41,2019-11-01,359,0
Precinct 41,2019-12-01,370,0
Precinct 41,2024-01-01,589,0
Precinct 41,2024-02-01,517,0
Precinct 41,2024-03-01,673,0
Precinct 41,2024-04-01,730,0
Precinct 41,2024-05-01,800,0
Precinct 41,2024-06-01,809,0
Precinct 41,2024-07-01,924,0
Precinct 41,2024-08-01,862,0
Precinct 41,2024-09-01,767,0
Precinct 41,2024-10-01,771,0
Precinct 41,2024-11-01,693,0
Precinct 41,2024-12-01,596,0
Precinct 42,2019-01-01,654,0
Precinct 42,2019-02-01,556,0
Precinct 42,2019-03-01,733,0
Precinct 42,2019-04-01,850,0
Precinct 42,2019-05-01,1031,0
Precinct 42,2019-06-01,1179,0
Precinct 42,2019-07-01,982,0
Precinct 42,2019-08-01,854,0
Precinct 42,2019-09-01,874,0
Precinct 42,2019-10-01,844,0
Precinct 42,2019-11-01,924,0
Precinct 42,2019-12-01,839,0
Precinct 42,2024-01-01,1393,0
Precinct 42,2024-02-01,1228,0
Precinct 42,2024-03-01,1556,0
Precinct 42,2024-04-01,1683,0
Precinct 42,2024-05-01,1898,0
Precinct 42,2024-06-01,2550,0
Precinct 42,2024-07-01,2015,0
Precinct 42,2024-08-01,1731,0
Precinct 42,2024-09-01,1888,0
Precinct 42,2024-10-01,1665,0
Precinct 42,2024-11-01,1322,0
Precinct 42,2024-12-01,1330,0
Precinct 43,2019-01-01,1056,0
Precinct 43,2019-02-01,942,0
Precinct 43,2019-03-01,1058,0
Precinct 43,2019-04-01,1110,0
Precinct 43,2019-05-01,1524,0
Precinct 43,2019-06-01,1855,0
Precinct 43,2019-07-01,1601,0
Precinct 43,2019-08-01,1326,0
Precinct 43,2019-09-01,1349,0
Precinct 43,2019-10-01,1295,0
Precinct 43,2019-11-01,1033,0
Precinct 43,2019-12-01,1077,0
Precinct 43,2024-01-01,1723,0
Precinct 43,2024-02-01,1580,0
Precinct 43,2024-03-01,1872,0
Precinct 43,2024-04-01,1923,0
Precinct 43,2024-05-01,2383,0
Precinct 43,2024-06-01,2494,0
Precinct 43,2024-07-01,2411,0
Precinct 43,2024-08-01,2299,0
Precinct 43,2024-09-01,2428,0
Precinct 43,2024-10-01,2312,0
Precinct 43,2024-11-01,1983,0
Precinct 43,2024-12-01,1850,0
Precinct 44,2019-01-01,1039,0
Precinct 44,2019-02-01,887,0
Precinct 44,2019-03-01,1036,0
Precinct 44,2019-04-01,1152,0
Precinct 44,2019-05-01,1611,0
Precinct 44,2019-06-01,2132,0
Precinct 44,2019-07-01,2082,0
Precinct 44,2019-08-01,1994,0
Precinct 44,2019-09-01,1821,0
Precinct 44,2019-10-01,1281,0
Precinct 44,2019-11-01,1062,0
Precinct 44,2019-12-01,1208,0
Precinct 44,2024-01-01,1445,0
Precinct 44,2024-02-01,1618,0
Precinct 44,2024-03-01,1798,0
Precinct 44,2024-04-01,1839,0
Precinct 44,2024-05-01,2270,0
Precinct 44,2024-06-01,3034,0
Precinct 44,2024-07-01,3236,0
Precinct 44,2024-08-01,2548,0
Precinct 44,2024-09-01,2644,0
Precinct 44,2024-10-01,2484,0
Precinct 44,2024-11-01,2027,0
Precinct 44,2024-12-01,2002,0
Precinct 45,2019-01-01,748,0
Precinct 45,2019-02-01,605,0
Precinct 45,2019-03-01,923,0
Precinct 45,2019-04-01,879,0
Precinct 45,2019-05-01,1040,0
Precinct 45,2019-06-01,1311,0
Precinct 45,2019-07-01,1096,0
Precinct 45,2019-08-01,994,0
Precinct 45,2019-09-01,976,0
Precinct 45,2019-10-01,852,0
Precinct 45,2019-11-01,750,0
Precinct 45,2019-12-01,697,0
Precinct 45,2024-01-01,1190,0
Precinct 45,2024-02-01,1225,0
Precinct 45,2024-03-01,1392,0
Precinct 45,2024-04-01,1188,0
Precinct 45,2024-05-01,1278,0
Precinct 45,2024-06-01,1604,0
Precinct 45,2024-07-01,1545,0
Precinct 45,2024-08-01,1381,0
Precinct 45,2024-09-01,1497,0
Precinct 45,2024-10-01,1337,0
Precinct 45,2024-11-01,1179,0
Precinct 45,2024-12-01,977,0
Precinct 46,2019-01-01,886,0
Precinct 46,2019-02-01,867,0
Precinct 46,2019-03-01,982,0
Precinct 46,2019-04-01,1074,0
Precinct 46,2019-05-01,1406,0
Precinct 46,2019-06-01,1766,0
Precinct 46,2019-07-01,1889,0
Precinct 46,2019-08-01,1596,0
Precinct 46,2019-09-01,1329,0
Precinct 46,2019-10-01,1205,0
Precinct 46,2019-11-01,955,0
Precinct 46,2019-12-01,985,0
Precinct 46,2024-01-01,1198,0
Precinct 46,2024-02-01,1229,0
Precinct 46,2024-03-01,1419,0
Precinct 46,2024-04-01,1619,0
Precinct 46,2024-05-01,2170,0
Precinct 46,2024-06-01,2764,0
Precinct 46,2024-07-01,2756,0
Precinct 46,2024-08-01,2153,0
Precinct 46,2024-09-01,2348,0
Precinct 46,2024-10-01,2236,0
Precinct 46,2024-11-01,1530,0
Precinct 46,2024-12-01,1487,0
Precinct 47,2019-01-01,1329,0
Precinct 47,2019-02-01,1168,0
Precinct 47,2019-03-01,1341,0
Precinct 47,2019-04-01,1421,0
Precinct 47,2019-05-01,1565,0
Precinct 47,2019-06-01,1464,0
Precinct 47,2019-07-01,1450,0
Precinct 47,2019-08-01,1552,0
Precinct 47,2019-09-01,1426,0
Precinct 47,2019-10-01,1284,0
Precinct 47,2019-11-01,1127,0
Precinct 47,2019-12-01,1091,0
Precinct 47,2024-01-01,1716,0
Precinct 47,2024-02-01,1661,0
Precinct 47,2024-03-01,2002,0
Precinct 47,2024-04-01,2461,0
Precinct 47,2024-05-01,2479,0
Precinct 47,2024-06-01,3985,0
Precinct 47,2024-07-01,4226,0
Precinct 47,2024-08-01,4086,0
Precinct 47,2024-09-01,18289,0
Precinct 47,2024-10-01,10473,0
Precinct 47,2024-11-01,14362,0
Precinct 47,2024-12-01,22449,0
Precinct 48,2019-01-01,659,0
Precinct 48,2019-02-01,489,0
Precinct 48,2019-03-01,578,0
Precinct 48,2019-04-01,699,0
Precinct 48,2019-05-01,808,0
Precinct 48,2019-06-01,908,0
Precinct 48,2019-07-01,676,0
Precinct 48,2019-08-01,773,0
Precinct 48,2019-09-01,787,0
Precinct 48,2019-10-01,699,0
Precinct 48,2019-11-01,582,0
Precinct 48,2019-12-01,615,0
Precinct 48,2024-01-01,815,0
Precinct 48,2024-02-01,767,0
Precinct 48,2024-03-01,972,0
Precinct 48,2024-04-01,1030,0
Precinct 48,2024-05-01,1199,0
Precinct 48,2024-06-01,1517,0
Precinct 48,2024-07-01,1556,0
Precinct 48,2024-08-01,1671,0
Precinct 48,2024-09-01,1656,0
Precinct 48,2024-10-01,1380,0
Precinct 48,2024-11-01,1216,0
Precinct 48,2024-12-01,1225,0
Precinct 49,2019-01-01,986,0
Precinct 49,2019-02-01,917,0
Precinct 49,2019-03-01,971,0
Precinct 49,2019-04-01,1002,0
Precinct 49,2019-05-01,1175,0
Precinct 49,2019-06-01,1237,0
Precinct 49,2019-07-01,923,0
Precinct 49,2019-08-01,1185,0
Precinct 49,2019-09-01,980,0
Precinct 49,2019-10-01,871,0
Precinct 49,2019-11-01,921,0
Precinct 49,2019-12-01,885,0
Precinct 49,2024-01-01,1453,0
Precinct 49,2024-02-01,1466,0
Precinct 49,2024-03-01,1676,0
Precinct 49,2024-04-01,1630,0
Precinct 49,2024-05-01,1918,0
Precinct 49,2024-06-01,1999,0
Precinct 49,2024-07-01,1925,0
Precinct 49,2024-08-01,1833,0
Precinct 49,2024-09-01,1849,0
Precinct 49,2024-10-01,1885,0
Precinct 49,2024-11-01,1855,0
Precinct 49,2024-12-01,1713,0
Precinct 5,2019-01-01,439,0
Precinct 5,2019-02-01,325,0
Precinct 5,2019-03-01,424,0
Precinct 5,2019-04-01,465,0
Precinct 5,2019-05-01,558,0
Precinct 5,2019-06-01,684,0
Precinct 5,2019-07-01,646,0
Precinct 5,2019-08-01,479,0
Precinct 5,2019-09-01,576,0
Precinct 5,2019-10-01,571,0
Precinct 5,2019-11-01,420,0
Precinct 5,2019-12-01,539,0
Precinct 5,2024-01-01,617,0
Precinct 5,2024-02-01,768,0
Precinct 5,2024-03-01,748,0
Precinct 5,2024-04-01,700,0
Precinct 5,2024-05-01,874,0
Precinct 5,2024-06-01,740,0
Precinct 5,2024-07-01,730,0
Precinct 5,2024-08-01,930,0
Precinct 5,2024-09-01,1186,0
Precinct 5,2024-10-01,1186,0
Precinct 5,2024-11-01,843,0
Precinct 5,2024-12-01,859,0
Precinct 50,2019-01-01,848,0
Precinct 50,2019-02-01,828,0
Precinct 50,2019-03-01,1011,0
Precinct 50,2019-04-01,926,0
Precinct 50,2019-05-01,1257,0
Precinct 50,2019-06-01,1059,0
Precinct 50,2019-07-01,899,0
Precinct 50,2019-08-01,901,0
Precinct 50,2019-09-01,999,0
Precinct 50,2019-10-01,921,0
Precinct 50,2019-11-01,908,0
Precinct 50,2019-12-01,803,0
Precinct 50,2024-01-01,1651,0
Precinct 50,2024-02-01,1619,0
Precinct 50,2024-03-01,1766,0
Precinct 50,2024-04-01,1978,0
Precinct 50,2024-05-01,2067,0
Precinct 50,2024-06-01,2544,0
Precinct 50,2024-07-01,2438,0
Precinct 50,2024-08-01,2216,0
Precinct 50,2024-09-01,2229,0
Precinct 50,2024-10-01,2277,0
Precinct 50,2024-11-01,2069,0
Precinct 50,2024-12-01,1778,0
Precinct 52,2019-01-01,1146,0
Precinct 52,2019-02-01,1022,0
Precinct 52,2019-03-01,1151,0
Precinct 52,2019-04-01,1272,0
Precinct 52,2019-05-01,1664,0
Precinct 52,2019-06-01,2042,0
Precinct 52,2019-07-01,1758,0
Precinct 52,2019-08-01,1396,0
Precinct 52,2019-09-01,1552,0
Precinct 52,2019-10-01,1224,0
Precinct 52,2019-11-01,1048,0
Precinct 52,2019-12-01,1117,0
Precinct 52,2024-01-01,1783,0
Precinct 52,2024-02-01,1905,0
Precinct 52,2024-03-01,2183,0
Precinct 52,2024-04-01,2461,0
Precinct 52,2024-05-01,2670,0
Precinct 52,2024-06-01,3110,0
Precinct 52,2024-07-01,3192,0
Precinct 52,2024-08-01,2936,0
Precinct 52,2024-09-01,3009,0
Precinct 52,2024-10-01,2718,0
Precinct 52,2024-11-01,2138,0
Precinct 52,2024-12-01,1947,0
Precinct 6,2019-01-01,435,0
Precinct 6,2019-02-01,411,0
Precinct 6,2019-03-01,524,0
Precinct 6,2019-04-01,670,0
Precinct 6,2019-05-01,649,0
Precinct 6,2019-06-01,698,0
Precinct 6,2019-07-01,505,0
Precinct 6,2019-08-01,425,0
Precinct 6,2019-09-01,716,0
Precinct 6,2019-10-01,667,0
Precinct 6,2019-11-01,478,0
Precinct 6,2019-12-01,501,0
Precinct 6,2024-01-01,903,0
Precinct 6,2024-02-01,1021,0
Precinct 6,2024-03-01,981,0
Precinct 6,2024-04-01,1318,0
Precinct 6,2024-05-01,1502,0
Precinct 6,2024-06-01,1495,0
Precinct 6,2024-07-01,1241,0
Precinct 6,2024-08-01,1282,0
Precinct 6,2024-09-01,1867,0
Precinct 6,2024-10-01,1718,0
Precinct 6,2024-11-01,1258,0
Precinct 6,2024-12-01,946,0
Precinct 60,2019-01-01,535,0
Precinct 60,2019-02-01,476,0
Precinct 60,2019-03-01,590,0
Precinct 60,2019-04-01,511,0
Precinct 60,2019-05-01,681,0
Precinct 60,2019-06-01,692,0
Precinct 60,2019-07-01,640,0
Precinct 60,2019-08-01,581,0
Precinct 60,2019-09-01,661,0
Precinct 60,2019-10-01,463,0
Precinct 60,2019-11-01,430,0
Precinct 60,2019-12-01,435,0
Precinct 60,2024-01-01,886,0
Precinct 60,2024-02-01,841,0
Precinct 60,2024-03-01,1003,0
Precinct 60,2024-04-01,1104,0
Precinct 60,2024-05-01,1351,0
Precinct 60,2024-06-01,1313,0
Precinct 60,2024-07-01,1291,0
Precinct 60,2024-08-01,1232,0
Precinct 60,2024-09-01,1407,0
Precinct 60,2024-10-01,1310,0
Precinct 60,2024-11-01,1163,0
Precinct 60,2024-12-01,1040,0
Precinct 61,2019-01-01,1227,0
Precinct 61,2019-02-01,1278,0
Precinct 61,2019-03-01,1277,0
Precinct 61,2019-04-01,1267,0
Precinct 61,2019-05-01,1361,0
Precinct 61,2019-06-01,1243,0
Precinct 61,2019-07-01,1022,0
Precinct 61,2019-08-01,995,0
Precinct 61,2019-09-01,1267,0
Precinct 61,2019-10-01,1071,0
Precinct 61,2019-11-01,1060,0
Precinct 61,2019-12-01,1128,0
Precinct 61,2024-01-01,2473,0
Precinct 61,2024-02-01,2528,0
Precinct 61,2024-03-01,2744,0
Precinct 61,2024-04-01,2537,0
Precinct 61,2024-05-01,2813,0
Precinct 61,2024-06-01,2397,0
Precinct 61,2024-07-01,2326,0
Precinct 61,2024-08-01,2005,0
Precinct 61,2024-09-01,2685,0
Precinct 61,2024-10-01,2755,0
Precinct 61,2024-11-01,2617,0
Precinct 61,2024-12-01,2409,0
Precinct 62,2019-01-01,1617,0
Precinct 62,2019-02-01,1330,0
Precinct 62,2019-03-01,1604,0
Precinct 62,2019-04-01,1587,0
Precinct 62,2019-05-01,1743,0
Precinct 62,2019-06-01,1748,0
Precinct 62,2019-07-01,1611,0
Precinct 62,2019-08-01,1463,0
Precinct 62,2019-09-01,1852,0
Precinct 62,2019-10-01,1782,0
Precinct 62,2019-11-01,1694,0
Precinct 62,2019-12-01,1929,0
Precinct 62,2024-01-01,2929,0
Precinct 62,2024-02-01,2694,0
Precinct 62,2024-03-01,2830,0
Precinct 62,2024-04-01,2429,0
Precinct 62,2024-05-01,2817,0
Precinct 62,2024-06-01,2678,0
Precinct 62,2024-07-01,2411,0
Precinct 62,2024-08-01,2322,0
Precinct 62,2024-09-01,2949,0
Precinct 62,2024-10-01,2755,0
Precinct 62,2024-11-01,2607,0
Precinct 62,2024-12-01,3115,0
Precinct 63,2019-01-01,873,0
Precinct 63,2019-02-01,695,0
Precinct 63,2019-03-01,945,0
Precinct 63,2019-04-01,879,0
Precinct 63,2019-05-01,951,0
Precinct 63,2019-06-01,1013,0
Precinct 63,2019-07-01,856,0
Precinct 63,2019-08-01,833,0
Precinct 63,2019-09-01,897,0
Precinct 63,2019-10-01,640,0
Precinct 63,2019-11-01,658,0
Precinct 63,2019-12-01,689,0
Precinct 63,2024-01-01,966,0
Precinct 63,2024-02-01,966,0
Precinct 63,2024-03-01,1121,0
Precinct 63,2024-04-01,974,0
Precinct 63,2024-05-01,1237,0
Precinct 63,2024-06-01,1369,0
Precinct 63,2024-07-01,1171,0
Precinct 63,2024-08-01,1253,0
Precinct 63,2024-09-01,1417,0
Precinct 63,2024-10-01,1268,0
Precinct 63,2024-11-01,1056,0
Precinct 63,2024-12-01,1131,0
Precinct 66,2019-01-01,1031,0
Precinct 66,2019-02-01,856,0
Precinct 66,2019-03-01,1242,0
Precinct 66,2019-04-01,1089,0
Precinct 66,2019-05-01,1189,0
Precinct 66,2019-06-01,1142,0
Precinct 66,2019-07-01,936,0
Precinct 66,2019-08-01,871,0
Precinct 66,2019-09-01,1362,0
Precinct 66,2019-10-01,1173,0
Precinct 66,2019-11-01,1069,0
Precinct 66,2019-12-01,995,0
Precinct 66,2024-01-01,1487,0
Precinct 66,2024-02-01,1679,0
Precinct 66,2024-03-01,1958,0
Precinct 66,2024-04-01,1658,0
Precinct 66,2024-05-01,1896,0
Precinct 66,2024-06-01,1787,0
Precinct 66,2024-07-01,1356,0
Precinct 66,2024-08-01,1115,0
Precinct 66,2024-09-01,2220,0
Precinct 66,2024-10-01,2125,0
Precinct 66,2024-11-01,1833,0
Precinct 66,2024-12-01,1798,0
Precinct 67,2019-01-01,1015,0
Precinct 67,2019-02-01,906,0
Precinct 67,2019-03-01,1145,0
Precinct 67,2019-04-01,1208,0
Precinct 67,2019-05-01,1446,0
Precinct 67,2019-06-01,1508,0
Precinct 67,2019-07-01,1400,0
Precinct 67,2019-08-01,1343,0
Precinct 67,2019-09-01,1512,0
Precinct 67,2019-10-01,1276,0
Precinct 67,2019-11-01,1120,0
Precinct 67,2019-12-01,1221,0
Precinct 67,2024-01-01,1320,0
Precinct 67,2024-02-01,1277,0
Precinct 67,2024-03-01,1601,0
Precinct 67,2024-04-01,1505,0
Precinct 67,2024-05-01,1928,0
Precinct 67,2024-06-01,1968,0
Precinct 67,2024-07-01,1958,0
Precinct 67,2024-08-01,1959,0
Precinct 67,2024-09-01,2192,0
Precinct 67,2024-10-01,1851,0
Precinct 67,2024-11-01,1592,0
Precinct 67,2024-12-01,1465,0
Precinct 68,2019-01-01,948,0
Precinct 68,2019-02-01,828,0
Precinct 68,2019-03-01,1047,0
Precinct 68,2019-04-01,989,0
Precinct 68,2019-05-01,1340,0
Precinct 68,2019-06-01,1130,0
Precinct 68,2019-07-01,979,0
Precinct 68,2019-08-01,871,0
Precinct 68,2019-09-01,1215,0
Precinct 68,2019-10-01,1028,0
Precinct 68,2019-11-01,980,0
Precinct 68,2019-12-01,1070,0
Precinct 68,2024-01-01,1933,0
Precinct 68,2024-02-01,1779,0
Precinct 68,2024-03-01,1916,0
Precinct 68,2024-04-01,1953,0
Precinct 68,2024-05-01,2118,0
Precinct 68,2024-06-01,2109,0
Precinct 68,2024-07-01,1971,0
Precinct 68,2024-08-01,1826,0
Precinct 68,2024-09-01,2425,0
Precinct 68,2024-10-01,2278,0
Precinct 68,2024-11-01,2127,0
Precinct 68,2024-12-01,2121,0
Precinct 69,2019-01-01,459,0
Precinct 69,2019-02-01,421,0
Precinct 69,2019-03-01,480,0
Precinct 69,2019-04-01,529,0
Precinct 69,2019-05-01,655,0
Precinct 69,2019-06-01,731,0
Precinct 69,2019-07-01,668,0
Precinct 69,2019-08-01,636,0
Precinct 69,2019-09-01,659,0
Precinct 69,2019-10-01,527,0
Precinct 69,2019-11-01,420,0
Precinct 69,2019-12-01,449,0
Precinct 69,2024-01-01,566,0
Precinct 69,2024-02-01,502,0
Precinct 69,2024-03-01,543,0
Precinct 69,2024-04-01,473,0
Precinct 69,2024-05-01,615,0
Precinct 69,2024-06-01,888,0
Precinct 69,2024-07-01,870,0
Precinct 69,2024-08-01,808,0
Precinct 69,2024-09-01,873,0
Precinct 69,2024-10-01,691,0
Precinct 69,2024-11-01,678,0
Precinct 69,2024-12-01,635,0
Precinct 7,2019-01-01,539,0
Precinct 7,2019-02-01,437,0
Precinct 7,2019-03-01,507,0
Precinct 7,2019-04-01,551,0
Precinct 7,2019-05-01,605,0
Precinct 7,2019-06-01,732,0
Precinct 7,2019-07-01,507,0
Precinct 7,2019-08-01,518,0
Precinct 7,2019-09-01,542,0
Precinct 7,2019-10-01,674,0
Precinct 7,2019-11-01,472,0
Precinct 7,2019-12-01,547,0
Precinct 7,2024-01-01,673,0
Precinct 7,2024-02-01,782,0
Precinct 7,2024-03-01,844,0
Precinct 7,2024-04-01,994,0
Precinct 7,2024-05-01,1060,0
Precinct 7,2024-06-01,1170,0
Precinct 7,2024-07-01,901,0
Precinct 7,2024-08-01,858,0
Precinct 7,2024-09-01,1121,0
Precinct 7,2024-10-01,1135,0
Precinct 7,2024-11-01,913,0
Precinct 7,2024-12-01,827,0
Precinct 70,2019-01-01,1251,0
Precinct 70,2019-02-01,1145,0
Precinct 70,2019-03-01,1349,0
Precinct 70,2019-04-01,1295,0
Precinct 70,2019-05-01,1614,0
Precinct 70,2019-06-01,1646,0
Precinct 70,2019-07-01,1231,0
Precinct 70,2019-08-01,1299,0
Precinct 70,2019-09-01,1830,0
Precinct 70,2019-10-01,1588,0
Precinct 70,2019-11-01,1495,0
Precinct 70,2019-12-01,1492,0
Precinct 70,2024-01-01,2049,0
Precinct 70,2024-02-01,1880,0
Precinct 70,2024-03-01,2147,0
Precinct 70,2024-04-01,2067,0
Precinct 70,2024-05-01,2418,0
Precinct 70,2024-06-01,2532,0
Precinct 70,2024-07-01,2014,0
Precinct 70,2024-08-01,2170,0
Precinct 70,2024-09-01,2939,0
Precinct 70,2024-10-01,2669,0
Precinct 70,2024-11-01,2416,0
Precinct 70,2024-12-01,2121,0
Precinct 71,2019-01-01,677,0
Precinct 71,2019-02-01,647,0
Precinct 71,2019-03-01,840,0
Precinct 71,2019-04-01,913,0
Precinct 71,2019-05-01,1380,0
Precinct 71,2019-06-01,1471,0
Precinct 71,2019-07-01,1134,0
Precinct 71,2019-08-01,1246,0
Precinct 71,2019-09-01,1386,0
Precinct 71,2019-10-01,1111,0
Precinct 71,2019-11-01,724,0
Precinct 71,2019-12-01,841,0
Precinct 71,2024-01-01,1184,0
Precinct 71,2024-02-01,1265,0
Precinct 71,2024-03-01,1455,0
Precinct 71,2024-04-01,1497,0
Precinct 71,2024-05-01,1599,0
Precinct 71,2024-06-01,1733,0
Precinct 71,2024-07-01,1417,0
Precinct 71,2024-08-01,1496,0
Precinct 71,2024-09-01,2165,0
Precinct 71,2024-10-01,2029,0
Precinct 71,2024-11-01,1687,0
Precinct 71,2024-12-01,1527,0
Precinct 72,2019-01-01,819,0
Precinct 72,2019-02-01,657,0
Precinct 72,2019-03-01,768,0
Precinct 72,2019-04-01,800,0
Precinct 72,2019-05-01,1040,0
Precinct 72,2019-06-01,1042,0
Precinct 72,2019-07-01,822,0
Precinct 72,2019-08-01,980,0
Precinct 72,2019-09-01,1129,0
Precinct 72,2019-10-01,928,0
Precinct 72,2019-11-01,838,0
Precinct 72,2019-12-01,762,0
Precinct 72,2024-01-01,1443,0
Precinct 72,2024-02-01,1199,0
Precinct 72,2024-03-01,1534,0
Precinct 72,2024-04-01,1498,0
Precinct 72,2024-05-01,1776,0
Precinct 72,2024-06-01,1805,0
Precinct 72,2024-07-01,1707,0
Precinct 72,2024-08-01,1635,0
Precinct 72,2024-09-01,2017,0
Precinct 72,2024-10-01,1668,0
Precinct 72,2024-11-01,1555,0
Precinct 72,2024-12-01,1419,0
Precinct 73,2019-01-01,638,0
Precinct 73,2019-02-01,580,0
Precinct 73,2019-03-01,686,0
Precinct 73,2019-04-01,617,0
Precinct 73,2019-05-01,791,0
Precinct 73,2019-06-01,925,0
Precinct 73,2019-07-01,711,0
Precinct 73,2019-08-01,821,0
Precinct 73,2019-09-01,834,0
Precinct 73,2019-10-01,751,0
Precinct 73,2019-11-01,662,0
Precinct 73,2019-12-01,733,0
Precinct 73,2024-01-01,791,0
Precinct 73,2024-02-01,699,0
Precinct 73,2024-03-01,783,0
Precinct 73,2024-04-01,791,0
Precinct 73,2024-05-01,908,0
Precinct 73,2024-06-01,1057,0
Precinct 73,2024-07-01,1066,0
Precinct 73,2024-08-01,1161,0
Precinct 73,2024-09-01,1153,0
Precinct 73,2024-10-01,1102,0
Precinct 73,2024-11-01,824,0
Precinct 73,2024-12-01,725,0
Precinct 75,2019-01-01,1171,0
Precinct 75,2019-02-01,1204,0
Precinct 75,2019-03-01,1382,0
Precinct 75,2019-04-01,1538,0
Precinct 75,2019-05-01,1874,0
Precinct 75,2019-06-01,2132,0
Precinct 75,2019-07-01,1817,0
Precinct 75,2019-08-01,1723,0
Precinct 75,2019-09-01,1797,0
Precinct 75,2019-10-01,1292,0
Precinct 75,2019-11-01,1209,0
Precinct 75,2019-12-01,1295,0
Precinct 75,2024-01-01,2979,0
Precinct 75,2024-02-01,2352,0
Precinct 75,2024-03-01,2870,0
Precinct 75,2024-04-01,2823,0
Precinct 75,2024-05-01,3242,0
Precinct 75,2024-06-01,3675,0
Precinct 75,2024-07-01,3676,0
Precinct 75,2024-08-01,3832,0
Precinct 75,2024-09-01,3822,0
Precinct 75,2024-10-01,3416,0
Precinct 75,2024-11-01,3032,0
Precinct 75,2024-12-01,3102,0
Precinct 76,2019-01-01,255,0
Precinct 76,2019-02-01,241,0
Precinct 76,2019-03-01,333,0
Precinct 76,2019-04-01,339,0
Precinct 76,2019-05-01,430,0
Precinct 76,2019-06-01,448,0
Precinct 76,2019-07-01,358,0
Precinct 76,2019-08-01,360,0
Precinct 76,2019-09-01,413,0
Precinct 76,2019-10-01,458,0
Precinct 76,2019-11-01,296,0
Precinct 76,2019-12-01,280,0
Precinct 76,2024-01-01,1044,0
Precinct 76,2024-02-01,641,0
Precinct 76,2024-03-01,791,0
Precinct 76,2024-04-01,812,0
Precinct 76,2024-05-01,1099,0
Precinct 76,2024-06-01,1233,0
Precinct 76,2024-07-01,1042,0
Precinct 76,2024-08-01,603,0
Precinct 76,2024-09-01,923,0
Precinct 76,2024-10-01,843,0
Precinct 76,2024-11-01,927,0
Precinct 76,2024-12-01,1084,0
Precinct 77,2019-01-01,719,0
Precinct 77,2019-02-01,639,0
Precinct 77,2019-03-01,838,0
Precinct 77,2019-04-01,1038,0
Precinct 77,2019-05-01,1433,0
Precinct 77,2019-06-01,1448,0
Precinct 77,2019-07-01,1225,0
Precinct 77,2019-08-01,1231,0
Precinct 77,2019-09-01,1549,0
Precinct 77,2019-10-01,1119,0
Precinct 77,2019-11-01,892,0
Precinct 77,2019-12-01,880,0
Precinct 77,2024-01-01,1194,0
Precinct 77,2024-02-01,1112,0
Precinct 77,2024-03-01,1233,0
Precinct 77,2024-04-01,1414,0
Precinct 77,2024-05-01,1753,0
Precinct 77,2024-06-01,1878,0
Precinct 77,2024-07-01,1470,0
Precinct 77,2024-08-01,1557,0
Precinct 77,2024-09-01,1659,0
Precinct 77,2024-10-01,1780,0
Precinct 77,2024-11-01,1333,0
Precinct 77,2024-12-01,1152,0
Precinct 78,2019-01-01,594,0
Precinct 78,2019-02-01,582,0
Precinct 78,2019-03-01,565,0
Precinct 78,2019-04-01,624,0
Precinct 78,2019-05-01,836,0
Precinct 78,2019-06-01,849,0
Precinct 78,2019-07-01,629,0
Precinct 78,2019-08-01,624,0
Precinct 78,2019-09-01,773,0
Precinct 78,2019-10-01,1023,0
Precinct 78,2019-11-01,734,0
Precinct 78,2019-12-01,608,0
Precinct 78,2024-01-01,1500,0
Precinct 78,2024-02-01,1490,0
Precinct 78,2024-03-01,1281,0
Precinct 78,2024-04-01,1431,0
Precinct 78,2024-05-01,1760,0
Precinct 78,2024-06-01,1719,0
Precinct 78,2024-07-01,1162,0
Precinct 78,2024-08-01,1205,0
Precinct 78,2024-09-01,1668,0
Precinct 78,2024-10-01,1504,0
Precinct 78,2024-11-01,1425,0
Precinct 78,2024-12-01,1432,0
Precinct 79,2019-01-01,860,0
Precinct 79,2019-02-01,756,0
Precinct 79,2019-03-01,983,0
Precinct 79,2019-04-01,1043,0
Precinct 79,2019-05-01,1512,0
Precinct 79,2019-06-01,1422,0
Precinct 79,2019-07-01,1286,0
Precinct 79,2019-08-01,1336,0
Precinct 79,2019-09-01,1424,0
Precinct 79,2019-10-01,996,0
Precinct 79,2019-11-01,740,0
Precinct 79,2019-12-01,865,0
Precinct 79,2024-01-01,962,0
Precinct 79,2024-02-01,1056,0
Precinct 79,2024-03-01,1108,0
Precinct 79,2024-04-01,1288,0
Precinct 79,2024-05-01,1356,0
Precinct 79,2024-06-01,1535,0
Precinct 79,2024-07-01,1320,0
Precinct 79,2024-08-01,1271,0
Precinct 79,2024-09-01,1687,0
Precinct 79,2024-10-01,1452,0
Precinct 79,2024-11-01,1040,0
Precinct 79,2024-12-01,1016,0
Precinct 81,2019-01-01,462,0
Precinct 81,2019-02-01,471,0
Precinct 81,2019-03-01,572,0
Precinct 81,2019-04-01,558,0
Precinct 81,2019-05-01,916,0
Precinct 81,2019-06-01,1004,0
Precinct 81,2019-07-01,746,0
Precinct 81,2019-08-01,771,0
Precinct 81,2019-09-01,809,0
Precinct 81,2019-10-01,673,0
Precinct 81,2019-11-01,418,0
Precinct 81,2019-12-01,623,0
Precinct 81,2024-01-01,699,0
Precinct 81,2024-02-01,629,0
Precinct 81,2024-03-01,958,0
Precinct 81,2024-04-01,917,0
Precinct 81,2024-05-01,1020,0
Precinct 81,2024-06-01,1224,0
Precinct 81,2024-07-01,1148,0
Precinct 81,2024-08-01,911,0
Precinct 81,2024-09-01,1087,0
Precinct 81,2024-10-01,1144,0
Precinct 81,2024-11-01,930,0
Precinct 81,2024-12-01,649,0
Precinct 83,2019-01-01,1286,0
Precinct 83,2019-02-01,942,0
Precinct 83,2019-03-01,1322,0
Precinct 83,2019-04-01,1506,0
Precinct 83,2019-05-01,1987,0
Precinct 83,2019-06-01,2584,0
Precinct 83,2019-07-01,2028,0
Precinct 83,2019-08-01,1940,0
Precinct 83,2019-09-01,2384,0
Precinct 83,2019-10-01,1563,0
Precinct 83,2019-11-01,949,0
Precinct 83,2019-12-01,1193,0
Precinct 83,2024-01-01,1739,0
Precinct 83,2024-02-01,1523,0
Precinct 83,2024-03-01,2002,0
Precinct 83,2024-04-01,2078,0
Precinct 83,2024-05-01,2493,0
Precinct 83,2024-06-01,3004,0
Precinct 83,2024-07-01,2596,0
Precinct 83,2024-08-01,2619,0
Precinct 83,2024-09-01,2963,0
Precinct 83,2024-10-01,2719,0
Precinct 83,2024-11-01,2198,0
Precinct 83,2024-12-01,1801,0
Precinct 84,2019-01-01,493,0
Precinct 84,2019-02-01,532,0
Precinct 84,2019-03-01,620,0
Precinct 84,2019-04-01,790,0
Precinct 84,2019-05-01,910,0
Precinct 84,2019-06-01,981,0
Precinct 84,2019-07-01,902,0
Precinct 84,2019-08-01,925,0
Precinct 84,2019-09-01,1057,0
Precinct 84,2019-10-01,1075,0
Precinct 84,2019-11-01,746,0
Precinct 84,2019-12-01,665,0
Precinct 84,2024-01-01,3201,0
Precinct 84,2024-02-01,2488,0
Precinct 84,2024-03-01,1993,0
Precinct 84,2024-04-01,2209,0
Precinct 84,2024-05-01,2989,0
Precinct 84,2024-06-01,2252,0
Precinct 84,2024-07-01,1831,0
Precinct 84,2024-08-01,2137,0
Precinct 84,2024-09-01,2340,0
Precinct 84,2024-10-01,2223,0
Precinct 84,2024-11-01,2050,0
Precinct 84,2024-12-01,1926,0
Precinct 88,2019-01-01,428,0
Precinct 88,2019-02-01,457,0
Precinct 88,2019-03-01,462,0
Precinct 88,2019-04-01,551,0
Precinct 88,2019-05-01,829,0
Precinct 88,2019-06-01,752,0
Precinct 88,2019-07-01,572,0
Precinct 88,2019-08-01,667,0
Precinct 88,2019-09-01,763,0
Precinct 88,2019-10-01,705,0
Precinct 88,2019-11-01,504,0
Precinct 88,2019-12-01,437,0
Precinct 88,2024-01-01,1426,0
Precinct 88,2024-02-01,1206,0
Precinct 88,2024-03-01,1355,0
Precinct 88,2024-04-01,1258,0
Precinct 88,2024-05-01,1619,0
Precinct 88,2024-06-01,1950,0
Precinct 88,2024-07-01,1353,0
Precinct 88,2024-08-01,1247,0
Precinct 88,2024-09-01,1754,0
Precinct 88,2024-10-01,1450,0
Precinct 88,2024-11-01,1257,0
Precinct 88,2024-12-01,1559,0
Precinct 9,2019-01-01,821,0
Precinct 9,2019-02-01,712,0
Precinct 9,2019-03-01,944,0
Precinct 9,2019-04-01,973,0
Precinct 9,2019-05-01,1115,0
Precinct 9,2019-06-01,1124,0
Precinct 9,2019-07-01,746,0
Precinct 9,2019-08-01,1062,0
Precinct 9,2019-09-01,1154,0
Precinct 9,2019-10-01,1293,0
Precinct 9,2019-11-01,902,0
Precinct 9,2019-12-01,1019,0
Precinct 9,2024-01-01,911,0
Precinct 9,2024-02-01,1038,0
Precinct 9,2024-03-01,1037,0
Precinct 9,2024-04-01,1500,0
Precinct 9,2024-05-01,1960,0
Precinct 9,2024-06-01,1352,0
Precinct 9,2024-07-01,1117,0
Precinct 9,2024-08-01,1367,0
Precinct 9,2024-09-01,1764,0
Precinct 9,2024-10-01,1614,0
Precinct 9,2024-11-01,1517,0
Precinct 9,2024-12-01,1107,0
Precinct 90,2019-01-01,1130,0
Precinct 90,2019-02-01,878,0
Precinct 90,2019-03-01,1166,0
Precinct 90,2019-04-01,1140,0
Precinct 90,2019-05-01,1336,0
Precinct 90,2019-06-01,1512,0
Precinct 90,2019-07-01,1203,0
Precinct 90,2019-08-01,1271,0
Precinct 90,2019-09-01,1409,0
Precinct 90,2019-10-01,1326,0
Precinct 90,2019-11-01,957,0
Precinct 90,2019-12-01,1009,0
Precinct 90,2024-01-01,1419,0
Precinct 90,2024-02-01,1270,0
Precinct 90,2024-03-01,1550,0
Precinct 90,2024-04-01,1710,0
Precinct 90,2024-05-01,2024,0
Precinct 90,2024-06-01,2068,0
Precinct 90,2024-07-01,1891,0
Precinct 90,2024-08-01,1958,0
Precinct 90,2024-09-01,2515,0
Precinct 90,2024-10-01,2167,0
Precinct 90,2024-11-01,1837,0
Precinct 90,2024-12-01,1829,0
Precinct 94,2019-01-01,687,0
Precinct 94,2019-02-01,614,0
Precinct 94,2019-03-01,811,0
Precinct 94,2019-04-01,875,0
Precinct 94,2019-05-01,1072,0
Precinct 94,2019-06-01,1004,0
Precinct 94,2019-07-01,896,0
Precinct 94,2019-08-01,790,0
Precinct 94,2019-09-01,1008,0
Precinct 94,2019-10-01,1000,0
Precinct 94,2019-11-01,810,0
Precinct 94,2019-12-01,829,0
Precinct 94,2024-01-01,1392,0
Precinct 94,2024-02-01,1479,0
Precinct 94,2024-03-01,1589,0
Precinct 94,2024-04-01,1953,0
Precinct 94,2024-05-01,2470,0
Precinct 94,2024-06-01,2266,0
Precinct 94,2024-07-01,2008,0
Precinct 94,2024-08-01,1878,0
Precinct 94,2024-09-01,2269,0
Precinct 94,2024-10-01,2142,0
Precinct 94,2024-11-01,1895,0
Precinct 94,2024-12-01,1838,0
Unspecified,2019-01-01,663,0
Unspecified,2019-02-01,576,0
Unspecified,2019-03-01,756,0
Unspecified,2019-04-01,946,0
Unspecified,2019-05-01,1048,0
Unspecified,2019-06-01,1102,0
Unspecified,2019-07-01,517,0
Unspecified,2019-08-01,563,0
Unspecified,2019-09-01,497,0
Unspecified,2019-10-01,635,0
Unspecified,2019-11-01,413,0
Unspecified,2019-12-01,533,0
Unspecified,2024-01-01,1069,0
Unspecified,2024-02-01,928,0
Unspecified,2024-03-01,1153,0
Unspecified,2024-04-01,774,0
Unspecified,2024-05-01,890,0
Unspecified,2024-06-01,927,0
Unspecified,2024-07-01,842,0
Unspecified,2024-08-01,1030,0
Unspecified,2024-09-01,1186,0
Unspecified,2024-10-01,1135,0
Unspecified,2024-11-01,1081,0
Unspecified,2024-12-01,1441,0
